人物ID,人物名,年齢,カテゴリ,エピソード本文,文字数,記憶性スコア,共感性スコア,意外性スコア,品質スコア,ステータス,削除理由
P012,天野浩,54,科学・研究,あなたと同じ54歳のとき、天野浩（54歳）は青色発光ダイオードの発明でノーベル物理学賞を受賞した。10年間の研究期間中、1500回以上の実験を重ねて青色LEDを実現。この技術により白色LED照明が可能となり、従来の白熱電球と比較して消費電力を10分の1に削減した。現在、世界で年間2億トンのCO2削減効果をもたらし、照明分野における電力消費量の大幅な改善を実現している。,231,8.5,8.0,10.0,88.0,合格,
P013,益川敏英,68,科学・研究,あなたと同じ68歳のとき、益川敏英（68歳）は小林・益川理論でノーベル物理学賞を受賞した。1973年に小林誠と共同でクォーク6種類の存在を予言し、宇宙の物質と反物質の非対称性を理論的に説明した。この理論は2001年にKEK（高エネルギー加速器研究機構）のBelle実験で実証され、2008年にノーベル物理学賞受賞に至った。英語を話さない受賞者として、ノーベル賞授賞式で日本語での受賞講演を行った。宇宙誕生から137億年経過した現在の物質優勢状態を理論的に解明し、素粒子物理学の標準理論に重要な貢献をした。,225,8.0,7.5,8.5,80.0,合格,
P015,隈研吾,66,建築・デザイン,あなたと同じ66歳のとき、隈研吾（66歳）は2019年12月に新国立競技場を完成させて2021年東京オリンピックの会場となった。47都道府県の木材を使用し「生命の大樹」をコンセプトに設計。10年間の設計・建設期間を経て、自然と調和する日本的空間を創造した。「負ける建築」の理念のもと世界30カ国で300以上のプロジェクトを手がけ、継続的な取り組みにより試行錯誤を重ね、21世紀の建築界で多数の作品を発表している。,224,8.0,7.5,8.5,80.0,合格,
P016,伊東豊雄,71,建築・デザイン,あなたと同じ71歳のとき、伊東豊雄は2012年に台中国家歌劇院の設計を進めていました。この建物は58の異なる曲面で構成された複雑な構造で、コンピュータ解析技術を駆使して設計されました。同年、彼は日本建築家として6人目となるプリツカー建築賞の受賞が決定し、翌2013年5月29日にワシントンD.C.のケネディセンターで授賞式が行われました。また2012年には伊東建築塾の活動を本格化させ、若手建築家の育成に取り組んでいました。この時期の彼は50年以上の建築活動の集大成として、世界各国で進行中の複数のプロジェクトを同時に監督していました。,268,0.0,0.0,5.5,16.5,合格,
P017,妹島和世,54,建築・デザイン,あなたと同じ54歳のとき、妹島和世（54歳）は2010年にプリツカー建築賞を受賞した日本人女性初のプリツカー建築賞受賞者となった。金沢21世紀美術館は2004年開館以来、年間250万人が訪れる施設として運営されている。ルーブル美術館ランス別館では2012年にアルミパネルと曲面ガラスを用いた設計を完成させた。SANAAとして西沢立衛と共同で透明性を重視した建築設計を手がけ、国内外で多数のプロジェクトを実現している。,208,8.5,7.5,8.5,82.0,合格,
P018,村上春樹,70,文化・芸術,あなたと同じ70歳のとき、村上春樹（70歳）は2017年2月に13年ぶりの長編小説『騎士団長殺し』を発表し、初版130万部を記録した。同作品は世界50カ国で翻訳され、村上作品の累計発行部数は1億部を突破。2006年から2023年まで18年連続でノーベル文学賞の有力候補として海外ブックメーカーで上位にランクインし、ハルキストと呼ばれるファンが世界各地で書店前に行列を作る現象が報告されている。,220,8.0,7.5,9.5,83.3,合格,
P019,草間彌生,93,文化・芸術,あなたと同じ93歳のとき、草間彌生は世界5カ所で個展を開催していました。2022年4月から松本市美術館で「宇宙に咲く花」展、5月からニューヨーク植物園で「Cosmic Nature」展、11月からM+美術館で「わが永遠の魂」展を実施。同年5月には台風で損傷した直島の「Pumpkin (Yellow)」を復旧設置し、10月にはM+美術館に新作「Infinity Mirrored Room」を常設展示として公開しました。,210,0.0,0.0,5.5,16.5,合格,
P020,若田光一,50,宇宙・探検,あなたと同じ50歳のとき、若田光一は2013年11月7日にソユーズ宇宙船でカザフスタンのバイコヌール宇宙基地から打ち上げられ、国際宇宙ステーション（ISS）第38次長期滞在クルーとして宇宙に向かいました。2014年3月9日から5月14日まで日本人初のISS船長を務め、188日間の宇宙滞在を完了しました。この滞在により通算宇宙滞在時間は347日間となり、日本人最長記録を更新しました。帰還後の2014年には内閣総理大臣顕彰と文部科学大臣表彰を受賞し、2015年には埼玉県県民栄誉章を受章しました。,248,0.0,0.0,5.5,16.5,合格,
P021,赤﨑勇,85,科学・研究,あなたと同じ85歳のとき、赤﨑勇は青色LED開発でノーベル物理学賞を受賞した。1973年から名古屋大学で窒化ガリウムの研究を開始し、1985年に松下電器で高品質結晶成長技術を開発。1989年2月、弟子の天野浩と世界初のGaN系青色LED発光に成功し、翌年特許出願した。この技術により白色LEDが実現し、従来の白熱電球と比較して消費電力を10分の1に削減、寿命を40倍の4万時間に延長した。300報以上の論文と500件以上の特許を残し、人類のエネルギー効率向上に貢献した。,235,8.5,8.0,8.5,83.5,合格,
P022,利根川進,48,科学・研究,あなたと同じ48歳のとき、利根川進は1987年10月12日に抗体の多様性生成メカニズムの解明でノーベル生理学・医学賞を単独受賞した。1976年から1981年にかけて、わずか数百個の遺伝子から100万種類以上の抗体を生み出す遺伝子再編成の仕組みを発見し、免疫学の基礎理論を「抗体の多様性生成の遺伝的原理を解明した」または「1987年にノーベル生理学・医学賞を受賞した」。日本人初の生理学・医学賞単独受賞者として、1981年からMIT教授、1997年から理化学研究所脳科学総合研究センター長を歴任し、記憶の研究で脳科学分野をリードし続けた。,268,8.5,7.5,6.0,74.5,合格,
P023,田中耕一,43,科学・研究,あなたと同じ43歳のとき、田中耕一は質量分析技術の開発で2002年10月9日にノーベル化学賞受賞が発表された。1985年に発見した「ソフトレーザー脱離イオン化法」により、従来困難だったタンパク質の構造解析を可能にした技術が評価された。東北大学工学部電気工学科卒業の学士号のみでの受賞は極めて稀な事例で、企業研究者として日本初のノーベル賞受賞となった。島津製作所での失敗実験から生まれた発見は新薬開発や病気診断への応用が進み、同年に文化功労者と文化勲章も受章した。,231,8.5,7.5,8.0,80.5,合格,
P027,中村修二,60,テクノロジー,あなたと同じ60歳のとき、中村修二は青色LED量産化の功績でノーベル物理学賞を受賞した。1993年に窒化ガリウムを用いて世界初の高輝度青色LEDを開発し、1995年には青紫色半導体レーザーも実現。日亜化学工業での研究成果を巡る特許訴訟では、2004年の一審で200億円の支払い命令が出たが、2005年に8億4391万円で和解成立。2000年にカリフォルニア大学サンタバーバラ校教授に就任し、2005年に米国市民権を取得した。,212,8.0,8.0,6.0,74.0,合格,
P028,古川聡,47,テクノロジー,あなたと同じ47歳のとき、古川聡は2011年6月8日から11月22日まで国際宇宙ステーションで167日間の長期滞在を成功させた。東京大学医学部卒業後、外科医から宇宙飛行士に転身し、ソユーズTMA-02Mで宇宙へ向かった。滞在中はタンパク質結晶生成実験装置を使用した実験や、細胞培養実験装置での生物学実験を実施。骨・筋肉への無重力影響調査など医学実験を主導した。2023年には2回目の長期滞在で199日間を記録し、日本人宇宙飛行士として累計366日間の最長宇宙滞在記録を樹立した。,239,8.0,8.0,6.0,74.0,合格,
P029,山海嘉之,56,テクノロジー,あなたと同じ56歳のとき、山海嘉之はロボットスーツHALで2013年8月に医療機器承認を欧州で初めて取得した。2004年に設立したサイバーダイン社を2014年3月に東証マザーズ上場させ、時価総額約1000億円を記録。2015年11月には日本でも医療機器承認を取得し、脊髄性筋萎縮症や筋萎縮性側索硬化症など8疾患の治療に適用された。重量約3kgのHALは世界500施設以上に導入され、400件以上の特許と200報以上の学術論文を発表した。,218,8.5,7.5,6.0,74.5,合格,
P030,栗山英樹,62,その他,あなたと同じ62歳のとき、栗山英樹は侍ジャパン監督としてWBC世界一を14年ぶりに奪還した。2023年3月8日から21日まで開催されたWBC2023で、日本代表を7戦全勝に導いた。決勝戦では2023年3月21日にアメリカを3-2で破り優勝を決めた。大谷翔平とダルビッシュ有の二刀流起用や、準決勝での劇的逆転勝利など、采配が的中。日本ハム監督時代は10年間で773勝788敗の成績を残し、2016年には日本シリーズ優勝を達成していた。選手を信じ抜く姿勢と綿密なデータ分析で、野球日本代表を頂点に導いた。,250,8.0,7.5,6.0,72.5,合格,
P031,黒澤明,41,文化・芸術,"あなたと同じ41歳のとき、黒澤明は『羅生門』でヴェネツィア国際映画祭金獅子賞を1951年9月10日に受賞した。日本映画として初めて国際的評価を獲得し、翌1952年3月20日にはアカデミー名誉賞も受賞した。製作費約1,500万円、上映時間88分のこの作品は、複数の視点から真実を描く構成で世界の映画界に50年以上にわたり世界の映画界に50年以上にわたり世界の映画界に影響を与えた。黒澤はその後30年間で30本の監督作品を手がけ、国際映画祭で50回以上の受賞・ノミネートを重ね、25本以上が海外配給された。",251,8.5,8.0,6.0,76.0,合格,
P032,三島由紀夫,44,文化・芸術,あなたと同じ44歳のとき、三島由紀夫は1970年11月25日朝に20年構想の『豊饒の海』四部作最終巻『天人五衰』の原稿を新潮社に渡し完成させた。同日午後に自衛隊市ヶ谷駐屯地で自決。輪廻転生を通じて日本の精神性を描いた四部作は『春の雪』『奔馬』『暁の寺』『天人五衰』で構成され、ノーベル文学賞候補に3度推薦された。ドナルド・キーン氏の英訳により『The Sea of Fertility』として英語圏で刊行され、世界24カ国で翻訳。半世紀経った現在も各国で読み継がれている。,236,8.0,7.5,5.5,71.0,合格,
P035,孫正義,44,ビジネス,あなたと同じ44歳のとき、孫正義は2006年3月17日にボーダフォン日本法人を1兆7500億円で買収し、4月1日にソフトバンクモバイルを設立した。契約者数約1500万人と3G基地局約46000局を承継し、2007年1月には月額基本料980円の「ホワイトプラン」を開始した。2008年7月11日にiPhone 3Gの日本独占販売を開始し、初年度で約100万台を販売した。2009年3月末には契約者数2000万人を突破し、ソフトバンクの売上高は前年比約3倍の3兆1331億円に達した。,240,8.5,7.5,7.5,79.0,合格,
P036,永守重信,45,ビジネス,あなたと同じ45歳のとき、永守重信は日本電産を東京証券取引所1部上場企業へと押し上げた。1973年の創業から17年で売上高200億円規模に成長させ、HDD用スピンドルモーターで世界シェア拡大を実現。精密小型モーター分野での技術力を確立し、シンガポールや香港への海外展開基盤を構築した。後に60社以上のM&A成功、売上高2兆円企業への発展、電気自動車時代の基幹部品支配の礎を築く。「すぐやる、必ずやる、できるまでやる」の経営哲学で世界制覇への道筋を描いた。,227,8.0,7.5,6.5,74.0,合格,
P037,中山啓子,52,医学・健康,検証不可能な架空人物のため削除,273,8.0,7.5,5.0,69.5,削除済み,
P038,西川伸一,60,医学・健康,あなたと同じ60歳のとき、西川伸一は理化学研究所発生・再生科学総合研究センター（CDB）の初代センター長として、日本の発生・再生医学研究の基盤構築に取り組んでいた。京都大学医学部卒業後、熊本大学医学部教授を経て2000年に理研CDBセンター長に就任し、幹細胞研究と発生生物学分野で国際的な研究拠点の形成を推進した。14年間にわたってセンターを率い、多くの若手研究者を育成しながら、再生医学の発展に寄与した医学研究者となった。,212,8.0,8.0,5.0,71.0,合格,
P039,審良静男,57,医学・健康,あなたと同じ57歳のとき、審良静男は自然免疫の認識機構解明でガードナー国際賞を受賞した。Toll様受容体の発見により、ワクチン開発に貢献した。論文被引用数世界1位を10年連続で記録し、免疫学の教科書を書き換えた。MyD88アダプター分子の発見や樹状細胞の成熟機構解明など、自然免疫システムの分子メカニズムを次々と明らかにした。その後も京都賞、クラフォード賞、ブレークスルー賞を立て続けに受賞し、日本の免疫学研究を世界の頂点に導いた研究者となった。,223,8.5,7.5,7.5,79.0,合格,
P040,緒方貞子,63,政治・社会,"あなたと同じ63歳のとき、緒方貞子は国連難民高等弁務官として、ルワンダ難民200万人の救済を指揮した。1994年7月、ザイールのゴマで100万人規模の難民キャンプを設営し、1日2,000人が死亡する危機的状況に対応。日本人女性初の国連機関トップとして10年間在任し、難民保護の概念を根本から変革。人間の安全保障の理念を確立し、UNHCR予算を5億ドルから10億ドルに倍増させ、約2,200万人の難民・避難民を支援。世界の人道支援のあり方を変え、国際社会で最も尊敬される日本人となった。",242,8.0,7.5,5.5,71.0,合格,
P041,明石康,61,政治・社会,あなたと同じ61歳のとき、明石康は国連カンボジア暫定統治機構代表として、内戦終結と民主化を実現した。1992年2月から1993年9月まで事務総長特別代表を務め、約2万2000人規模のPKO部隊を指揮。1993年5月の制憲議会選挙では約480万人の有権者登録を行い、投票率約90%を達成して20年続いた内戦を終結させた。日本人初の国連事務次長として、PKO活動の新たなモデルを確立。国際平和構築の第一人者として世界に貢献した外交官となった。,219,8.0,8.0,5.5,72.5,合格,
P042,久石譲,47,音楽,あなたと同じ47歳のとき、久石譲は『もののけ姫』で日本アカデミー賞最優秀音楽賞を受賞した。1997年7月に公開された同作品は興行収入193億円を記録し、サウンドトラックは100万枚を突破した。宮崎駿作品の音楽を1984年の『風の谷のナウシカ』から13年間手がけ、6作品を担当。同年9月には武道館でコンサートを開催し、年間80回以上の公演で指揮を執った。CD総売上は500万枚に達し、海外でも30回以上の公演を実施。クラシックと映画音楽の垣根を超えた活動を展開した。,232,8.0,7.5,5.5,71.0,合格,
P043,玉置浩二,56,音楽,あなたと同じ56歳のとき、玉置浩二は日本武道館でコンサートを開催した。1958年北海道旭川市生まれ、1982年に安全地帯を結成し「ワインレッドの心」「恋の予感」などのヒット曲を発表した。1987年からソロ活動を開始し、「田園」「メロディー」などの楽曲を制作。安全地帯での活動と並行し、ソロで20枚以上のアルバムをリリース。4オクターブの音域を持つ歌声で知られる。作詞・作曲家として他アーティストへの楽曲提供も手がけ、30年以上にわたり日本の音楽シーンで活動を続けている。,266,8.0,7.5,5.5,71.0,合格,
P064,Ado,21,音楽,あなたと同じ21歳のとき、Adoは2021年8月6日に日本武道館で初ワンマンライブを開催し、約1万人を動員した。2020年10月23日に公開した「うっせぇわ」で顔を公開せずに第73回NHK紅白歌合戦に映像出演し、第63回日本レコード大賞優秀作品賞を受賞した。この楽曲はYouTube再生回数2億回を超え、2021年1月27日付オリコン週間デジタルシングルランキング1位を獲得し、匿名アーティストという新しい成功モデルを「商業的成功を収めた」「多数のヒット曲を持つ」「日本レコード大賞を受賞した」。,248,8.0,4.0,8.5,69.5,合格,
P065,HIKAKIN,30,文化・芸術,HIKAKINは30歳時点でYouTube登録者800万人を突破し、4チャンネル合計で総再生回数100億回を記録した。2010年代以降、日本国内でYouTuberを職業とする人数が増加し、動画投稿プラットフォームの利用者数も拡大した。HIKAKINのチャンネルはアジア各国からもアクセスされ、多言語字幕付きの動画も制作された。YouTube Japan の統計では、国内クリエイター数は2010年代後半に急増している。,209,8.0,4.0,8.5,69.5,合格,
P066,YOSHIKI,23,音楽,1989年、YOSHIKIは23歳でX JAPANのアルバム「BLUE BLOOD」をリリースした。このアルバムは100万枚を超える売上を記録した。X JAPANはビジュアル系ロックというジャンルに分類される音楽スタイルを演奏した。同バンドは日本国内のほか、アジア各国でもコンサートを開催し、メディアで取り上げられた。その後、同様の音楽スタイルやビジュアルを採用するアーティストが複数登場した。,197,7.5,4.0,8.0,66.0,合格,
P067,あいみょん,23,音楽,あいみょんは23歳時に「マリーゴールド」を発表した。リリース初週でのストリーミング再生回数は1億回を超え、CD売上は50万枚を突破した。令和最初の紅白歌合戦に出場した。この楽曲は23歳の頃に制作された。ストリーミング配信サービスでの楽曲再生が主流となった時期にリリースされ、従来のCD販売中心の音楽業界において、デジタル配信での高い再生数を記録した楽曲の一つとなった。,184,8.0,4.0,7.5,66.5,合格,
P068,さくらももこ,21,文化・芸術,あなたと同じ21歳のとき、さくらももこは1986年8月号の「りぼん」で「ちびまる子ちゃん」の連載を開始した。1989年に第13回講談社漫画賞少女部門を受賞し、1990年1月7日にアニメ化された。アニメは最高視聴率39.9%を記録し、単行本は累計3200万部以上を発行した。静岡の小学生時代を描いた内容は3世代に読み継がれ、第1期142話、第2期1000話以上が放送される文化的作品となった。,195,8.0,4.0,6.0,62.0,合格,
P069,アルベルト・アインシュタイン,42,科学・研究,あなたと同じ42歳のとき、アインシュタインは一般相対性理論を完成させ、物理学にた。この理論は、当時の科学界において大きな衝撃を与え、水星の近日点移動を正確に説明し、1919年の日食観測で理論が実証された。これにより、アインシュタインは世界的な注目を集め、一般相対性理論は物理学だけでなく、GPS技術や宇宙探査など、現代文明の基礎を築くことに寄与した。,175,7.0,4.0,9.0,67.0,削除済み,日本の偉人ではない（アルベルト・アインシュタイン（ドイツ系物理学者））
P070,イチロー,45,スポーツ,あなたと同じ45歳のとき、イチローは28年間のプロ野球人生に幕を下ろした。日米通算4367安打、MLBで10年連続200本安打という前人未到の記録。2019年3月21日、東京ドームでの日本開幕シリーズが最後の舞台となった。オリックス時代の首位打者7回、MLB時代のMVP・新人王同時受賞、ゴールドグラブ賞10回受賞。引退会見で「プロフェッショナルとは、自分が何をすべきか理解し、それをやり続けられる人」と定義した。毎日同じルーティンを28年間続けた男の言葉に、成功の本質があった。,240,8.0,6.5,8.5,77.0,合格,
P071,イモトアヤコ,21,文化・芸術,あなたと同じ21歳のとき、イモトアヤコは2007年に『世界の果てまでイッテQ！』で珍獣ハンターとしてデビューした。番組の看板企画として、世界各地の珍しい動物を追い続ける過酷なロケに挑戦。その後、登山企画では7大陸最高峰のうち6つを制覇し、2013年のエベレスト挑戦時の視聴率は25.6％を記録した。南極最高峰ヴィンソン・マシフ登頂にも成功し、体を張った挑戦で視聴者に親しまれ続けている。,193,7.0,4.0,6.0,58.0,合格,
P072,イーロン・マスク,41,テクノロジー,あなたと同じ41歳のとき、イーロン・マスクはSpaceXでFalcon9ロケットの垂直着陸に成功し、宇宙開発の歴史を変えた。打ち上げコストを100分の1に削減し、年間18回の打ち上げを実現。テスラも同時期に黒字化を達成し、電気自動車の大衆化に成功した。再利用可能なロケット技術により、火星移住という人類の夢を現実的な目標に変えた革新者となった。,172,8.0,4.0,9.0,71.0,削除済み,日本の偉人ではない（イーロン・マスク（南アフリカ/アメリカの実業家））
P073,羽生結弦,19,スポーツ,1994年12月7日生まれの羽生結弦は、19歳時の2014年2月14日、ソチオリンピックでフィギュアスケート男子シングル金メダルを獲得した。ショートプログラム101.45点の世界記録を樹立し、フリー178.64点との合計280.09点で優勝。日本男子66年ぶりの五輪金メダリストとなった。同年3月28日には世界選手権（さいたま）でも優勝し、19歳で紫綬褒章を受章した。,184,9.0,4.0,8.5,73.5,合格,
P074,ジェフ・ベゾス,35,ビジネス,あなたと同じ35歳のとき、ジェフ・ベゾスはAmazonPrimeサービスを開始し、年会費79ドルで無制限の2日間配送を実現した。会員数は初年度で100万人を突破し、顧客満足度97%を記録した。オンライン書店から総合ECへの転換を果たし、小売業界にた。この新サービスは顧客ロイヤルティの概念を変えた。,149,8.0,4.0,7.5,66.5,削除済み,日本の偉人ではない（ジェフ・ベゾス（アメリカの実業家））
P075,スティーブ・ジョブズ,52,テクノロジー,あなたと同じ52歳のとき、スティーブ・ジョブズはMacworld2007でiPhoneを発表し、携帯電話を変更した。この革新により、2008年には世界中で年間10億台以上のスマートフォンが販売され、アップルの時価総額は40億ドルから3500億ドルに達した。iPhoneは、30カ国以上で販売され、アプリエコシステムの発展を推進し、後のソーシャルメディアやモバイル決済の普及に貢献した。,192,9.0,3.0,9.5,73.5,合格,
P076,ビル・ゲイツ,40,テクノロジー,1995年、ビル・ゲイツが40歳のとき、Windows95が世界同時発売され、4日間で100万本が販売された。同製品にはInternet Explorerが標準搭載されていた。世界のPC普及率は1995年の5%から2000年の50%となった。ビル・ゲイツの個人資産は400億ドルに達した。その後、ビル&メリンダ・ゲイツ財団を設立し、医療と教育分野への資金提供を開始した。,185,9.0,4.0,8.0,72.0,合格,
P077,ヘレン・ケラー,7,政治・社会,あなたと同じ7歳のとき、ヘレン・ケラーは1887年4月5日、井戸水に触れながら「water」を理解し、言語獲得の突破口を開いた。その日だけで30の単語を習得し、教師アン・サリバンとの信頼関係を築いた。生後19ヶ月で視覚・聴覚を失った彼女が、指文字による触覚学習法で言葉という扉を開けた瞬間だった。この日の出来事は後に「奇跡の人」として戯曲・映画化され、障害者教育の可能性を示した。,190,7.0,9.0,8.0,79.0,合格,
P078,マザー・テレサ,40,政治・社会,"あなたと同じ40歳のとき、マザー・テレサは1950年10月7日に「神の愛の宣教者会」を設立し、1952年8月22日にカルカッタのスラムで「死を待つ人の家（ニルマル・ヒルダイ）」を正式開設した。路上で瀕死状態の人々を収容し尊厳ある死を提供するこの施設は、後に100カ国以上で517施設まで拡大した。1979年にノーベル平和賞を受賞し、賞金19万2,000ドルを貧困者に寄付。彼女の活動は世界124カ国で約5,000人の修道女を育成し、延べ数十万人の人々に貢献した。",231,7.5,6.0,5.5,64.5,合格,
P079,マリー・キュリー,36,科学・研究,あなたと同じ36歳のとき、マリー・キュリーは1903年12月10日にノーベル物理学賞を受賞し、史上初の女性ノーベル賞受賞者となった。彼女は1898年7月にポロニウム、同年12月にラジウムを発見し、1902年にラジウムの原子量を226.02と測定した。1903年6月25日にパリ大学で博士号を取得後、ピエール・キュリー、アンリ・ベクレルと共同で物理学賞を受賞。1911年には化学賞も単独受賞し、2つの異なる科学分野でノーベル賞を受賞した初の人物となった。放射能の単位「キュリー」は彼女の名前に由来する。,250,7.0,4.0,8.5,65.5,合格,
P080,マーティン・ルーサー・キング・ジュニア,34,政治・社会,あなたと同じ34歳のとき、キング牧師は1963年8月28日、「私には夢がある」の演説でワシントン大行進を率い、25万人の聴衆を前に人種差別撤廃を訴えた。この演説から11か月後の1964年7月2日、公民権法が成立。同年12月、非暴力主義による公民権運動の指導が評価され、34歳でノーベル平和賞を受賞した。1955年のモンゴメリー・バス・ボイコット事件から13年間、アメリカの人種差別撤廃に生涯を捧げ、世界各国の人権運動の礎を築いた。,221,8.0,6.0,7.5,72.5,合格,
P081,三島由紀夫,24,文化・芸術,あなたと同じ24歳のとき、三島由紀夫は1949年7月に自伝的小説『仮面の告白』を河出書房から刊行し、文壇デビューを果たした。初版5000部が即日完売を記録し、戦後日本文学界に新人作家をもたらした。川端康成は「戦後派の最も成功した作品」と評価し、文芸評論家の奥野健男は「告白文学の傑作」と位置づけた。同性愛をテーマにしたこの作品の成功により、三島は同年大蔵省を退職し専業作家となった。この転身が24歳でのベストセラー作家への道を開いた。,230,8.0,4.0,7.5,66.5,合格,
P082,三木谷浩史,32,ビジネス,1965年3月11日生まれの三木谷浩史は、1997年2月に楽天株式会社を設立し、同年5月に楽天市場のサービスを開始した。2000年4月、創業から3年1か月で東証マザーズに上場を果たし、当時のネット関連企業として注目された。楽天市場は日本におけるインターネットショッピングモールの先駆けとなり、ポイント制度を導入した独自のビジネスモデルを構築した。2004年12月には東証一部に上場し、その後も金融、通信分野へと事業を拡大している。,215,8.0,4.0,8.5,69.5,合格,
P083,上田桃子,21,スポーツ,2007年、上田桃子は21歳でJLPGAツアー初優勝を果たし、その後プロ転向3年目となる2008年に米国LPGAツアーに参戦した。同年、LPGAツアー新人賞を受賞し、日本人選手として注目を集めた。JLPGAツアーでは通算4勝を記録し、国内外での活動を通じて日本女子ゴルフ界の国際化に貢献した。1986年6月15日生まれ、身長158cmの右打ちゴルファーとして、2005年のプロ転向以降継続的に競技を続けている。,205,8.0,4.0,7.0,65.0,合格,
P084,久保建英,20,スポーツ,あなたと同じ20歳のとき、久保建英は2021-22シーズンにレアル・ソシエダでリーガ・エスパニョーラ32試合に出場し、4ゴール5アシストを記録した。コパ・デル・レイでは決勝進出に貢献し、2022年カタールW杯日本代表メンバーに選出された。20歳でバルセロナ下部組織に入団した久保は、FIFA規定により2015年3月に退団を余儀なくされ、FC東京に復帰。20歳でJリーグ史上最年少ゴールを記録し、2019年6月にレアル・マドリードへ移籍した。,227,8.0,7.5,6.5,74.0,合格,
P085,伊調馨,20,スポーツ,あなたと同じ20歳のとき、伊調馨は2004年8月23日のアテネ五輪でレスリング女子63kg級に出場し金メダルを獲得した。日本女子レスリング史上初の五輪金メダリストとなり、予選から決勝まで4試合すべてを一本勝ちで制した。決勝ではカナダのトニア・バーベリアンをフォール勝ちで破り、完全勝利を収めた。その後2008年北京、2012年ロンドン、2016年リオデジャネイロと4大会連続で金メダルを獲得し、女子個人種目では五輪史上初の4連覇を達成。2012年には国民栄誉賞を受賞した。,236,8.0,4.0,8.5,69.5,合格,
P086,八村塁,21,スポーツ,1998年2月8日生まれの八村塁は、21歳の2019年6月20日、NBAドラフトで日本人初の1巡目9位指名を受け、ワシントン・ウィザーズに入団した。2019-20シーズンは48試合に出場し、平均13.5得点、5.5リバウンドを記録。10月17日の開幕戦では14得点を挙げた。年俸480万ドルの契約を締結し、ベナン人の父と日本人の母を持つ身長203cmの選手が、日本バスケットボール界の歴史を変更した。,200,8.0,4.0,8.5,69.5,合格,
P087,内村航平,27,スポーツ,内村航平は27歳時の2016年リオデジャネイロオリンピックで体操個人総合において連続2回目の金メダルを獲得した。世界体操競技選手権では個人総合で6連覇を達成した。国際体操連盟の採点システムにおいて複数回の満点を記録した。リオオリンピックの体操競技中継は日本国内で高い視聴率を記録し、大会後に体操教室への入会者数が前年比で増加した。オリンピック2連覇は日本の男子体操選手では初の記録となった。,195,8.0,4.0,7.5,66.5,合格,
P088,前澤友作,29,ビジネス,2004年、前澤友作（29歳）はZOZOTOWNを開設した。このファッション通販サイトは設立から数年で月間利用者数が300万人を超えた。ZOZOTOWN開設後、複数の国内外ブランドがオンライン販売を開始した。同時期にアパレルEC市場の売上高が増加し、ファッション業界においてオンライン販売を導入する企業数が増加した。ZOZOTOWNは複数ブランドの商品を一つのサイトで販売するモール形式を採用していた。,201,7.5,4.0,8.0,66.0,合格,
P089,北島康介,21,スポーツ,あなたと同じ21歳のとき、北島康介は2004年8月のアテネ五輪で平泳ぎ100m・200m金メダルを獲得し、日本競泳史上初の同一大会2冠を達成した。100m平泳ぎでは1分00秒08、200m平泳ぎでは2分09秒44の五輪記録を樹立した。この成果により日本競泳界への注目が高まり、その後2008年北京五輪でも同種目で連続金メダルを獲得し、100m平泳ぎ58秒91、200m平泳ぎ2分07秒64の世界記録を樹立した。次世代の競泳選手たちの競技参加者数増加に貢献した。,230,8.0,4.0,7.5,66.5,合格,
P090,北野武,50,文化・芸術,あなたと同じ50歳のとき、北野武は「HANA-BI」でヴェネツィア国際映画祭金獅子賞を受賞した。コメディアンとして「ツービート」で人気を博しながら、1989年の監督デビュー作「その男、凶暴につき」から始まり、「あの夏、いちばん静かな海。」「ソナチネ」「キッズ・リターン」を経て、映画監督として7作目での受賞となった。日本人監督として黒澤明以来の金獅子賞受賞を果たし、世界に「キタノブルー」という独自の映像美学を確立した。,210,8.0,5.5,8.5,74.0,合格,
P091,又吉直樹,35,文化・芸術,あなたと同じ35歳のとき、又吉直樹は2015年7月16日に『火花』で第153回芥川龍之介賞を受賞した。お笑いコンビ「ピース」のボケ担当として活動しながら10年以上書き続けた小説が、羽田圭介と同時受賞で文芸界最高峰の賞を獲得。芸人が芥川賞作家となった史上初の事例として文学界に大きな300万部超の売上に300万部超の売上に影響与え、文藝春秋社から刊行された作品は2015年末時点で300万部超の発行部数を記録。お笑いと文学の境界を越えた受賞となった。,224,8.0,6.5,9.0,78.5,合格,
P092,古賀稔彦,24,スポーツ,1992年7月30日、24歳の古賀稔彦はバルセロナオリンピック柔道71kg級で金メダルを獲得した。5試合すべてを一本勝ちで制し、得意技の背負投を中心とした技術で勝利を重ねた。この成果により国民栄誉賞を受賞。現役時代は世界選手権2回優勝、全日本選手権3回優勝を含む国際大会30回以上の優勝を記録した。引退後は指導者として2008年北京オリンピック日本代表監督を務め、200人以上の選手を指導した。,197,8.0,4.0,6.0,62.0,合格,
P093,吉田沙保里,30,スポーツ,2012年のロンドン五輪で、吉田沙保里は女子レスリング55kg級で金メダルを獲得し、五輪3連覇を達成した。世界選手権では16回の優勝記録を持ち、2003年から2016年まで206連勝を記録した。ロンドン五輪の女子レスリング決勝戦は日本国内で視聴率25.4%を記録した。2013年以降、国際レスリング連盟に加盟する女子選手数は前年比15%増加し、アジア諸国での女子レスリング大会開催数は2012年の8大会から2015年には14大会に増加した。,220,8.0,4.0,8.5,69.5,合格,
P094,吉田秀彦,23,スポーツ,あなたと同じ23歳のとき、吉田秀彦はバルセロナ五輪で柔道78kg級金メダルを獲得した。決勝でハンガリーのコバーチ・ヨジェフを背負投で破り、全5試合を一本勝ちで制覇。試合時間の合計はわずか11分38秒という記録を達成し、この記録は日本国内外で大きな注目を集めた。彼の成功は、柔道の人気を高め、1993年には世界選手権での3連覇を達成するなど、国際的な舞台での日本の柔道の地位を築いた。,191,8.0,4.0,7.5,66.5,合格,
P095,坂本龍一,35,音楽,1987年、坂本龍一が35歳のとき、映画「ラストエンペラー」の音楽でアカデミー作曲賞を受賞した。日本人としては初の受賞であった。1978年にYellow Magic Orchestra（YMO）を結成し、テクノポップ音楽で活動した。映画音楽を20作品以上手がけ、海外の映画祭で複数の音楽賞を受賞した。YMO解散後も solo活動を継続し、国内外でコンサートを開催した。,184,8.0,4.0,8.5,69.5,合格,
P096,堀江貴文,24,ビジネス,1996年4月、堀江貴文は東京大学文学部在学中の24歳で有限会社オン・ザ・エッヂを設立した。資本金600万円でスタートし、ホームページ制作と運営管理サービスを事業とした。2000年4月に株式会社ライブドアに社名変更し、2005年にはニッポン放送株の取得を開始するなど事業を拡大した。インターネット黎明期における日本のITベンチャー企業の一つとして位置づけられる。,181,7.0,4.0,6.5,59.5,合格,
P097,夏目漱石,39,文化・芸術,夏目漱石は39歳で「吾輩は猫である」を発表し、文壇デビューした。この作品は出版から1年で10万部の売上を記録した。その後「坊っちゃん」「草枕」を発表した。漱石の作品は英語やドイツ語に翻訳され、日本国外でも出版された。漱石は東京帝国大学で英文学を講義し、朝日新聞社に入社して職業作家となった。代表作には「三四郎」「それから」「門」「こころ」などがある。1916年に39歳で死去した。,190,7.0,4.0,6.5,59.5,合格,
P098,大江健三郎,23,文化・芸術,大江健三郎は23歳で『飼育』により芥川賞を受賞した。この時点での受賞年齢は当時の最年少記録であった。その後、複数の作品を発表し続けた。1994年にノーベル文学賞を受賞した。代表作には『個人的な体験』『万延元年のフットボール』『燃えあがる緑の木』三部作などがある。戦後生まれの作家として戦後日本社会をテーマにした作品を多数執筆した。現在も多くの読者に読まれ、大学の文学研究や高校の教科書にも採用されている。,202,7.0,3.0,6.5,56.5,合格,
P099,大谷翔平,29,スポーツ,あなたと同じ29歳のとき、大谷翔平は二刀流でWBCを制覇し、野球界にた。投手として2勝、打者として.435の打率を記録し、試合中の決勝9回裏では親友トラウトとの対決で87km/hのスライダーを投げ三振を奪った。この瞬間、二刀流への挑戦が「無理だ」との全世界で注目を集めた。大会の視聴者数は約4億人に達し、彼の活躍は日本だけでなく、米国や韓国など多国籍のファンに影響を与えた。,187,8.0,6.0,8.5,75.5,合格,
P100,大隅良典,71,科学・研究,1945年生まれの大隅良典は、2016年10月3日、71歳でオートファジー研究によりノーベル生理学・医学賞を単独受賞した。1988年に酵母でオートファジーを発見し、1993年にATG1遺伝子を同定するなど、細胞が自身の一部を分解して再利用する仕組みを解明した。受賞後、オートファジー関連論文は年間数千件発表され、パーキンソン病やがんの治療法開発において新たな研究分野を形成している。,191,7.5,4.0,8.0,66.0,合格,
P101,奈良美智,40,文化・芸術,あなたと同じ40歳のとき、奈良美智はニューヨーク近代美術館で日本人最年少の個展を開催し、挑発的な少女の絵画作品が1点500万円を超える価格で取引されるなど、社会現象となった。彼の作品は30カ国以上で展覧会が行われ、世界中のアートシーンに影響を与えた。特に、彼のスタイルはポップアートを新たな次元に引き上げ、後の世代のアーティストたちに大きなインスピレーションを与えた。,184,7.5,3.0,6.5,58.5,合格,
P102,孫正義,54,ビジネス,あなたと同じ54歳のとき、孫正義は東日本大震災で個人資産から100億円を寄付し、被災地支援に尽力した。2011年3月11日の震災発生直後、ソフトバンクは移動基地局車両を派遣し、通信インフラの復旧作業を開始した。同社は震災で損壊した基地局の修復を進め、約300万人の通信環境を段階的に復旧させた。孫は寄付と併せて、今後の役員報酬も震災復興支援に充てることを表明し、企業トップとしての社会的責任を具体的行動で示した。この取り組みは被災地の物資支援と情報インフラ整備の両面で日本の復興を支えた。,244,8.0,6.5,7.5,74.0,合格,
P103,安倍晋三,65,政治・社会,安倍晋三は第90代、96代、97代、98代内閣総理大臣として通算3188日在職し、これは憲政史上最長の記録である。第一次安倍内閣（2006-2007年）、第二次安倍内閣（2012-2014年）、第三次安倍内閣（2014-2017年）、第四次安倍内閣（2017-2020年）を組織した。在任中、日本のGDPは500兆円から550兆円となった。49カ国を訪問し、176回の首脳会談を実施した。2022年7月8日、奈良市での街頭演説中に銃撃され死亡した。享年65歳であった。,234,8.0,3.0,6.0,59.0,合格,
P104,安藤忠雄,54,建築・デザイン,あなたと同じ54歳のとき、安藤忠雄はプリツカー賞を受賞し、建築界のノーベル賞を日本人として3人目に獲得した。大阪府立城東工業高校卒業後、独学で建築を学び、元プロボクサーから世界的建築家へ転身。1969年に安藤忠雄建築研究所を設立し、住吉の長屋で1979年日本建築学会賞を受賞。光の教会、水の教会など約150作品を約20カ国で設計し、打ち放しコンクリートの美学を「コンクリート打ちっぱなしの建築様式を確立した」「独自の建築哲学を確立した」など、具体的な対象を明示した表現た。2010年文化勲章受章。,248,8.0,7.0,8.5,78.5,合格,
P105,室伏広治,29,スポーツ,あなたと同じ29歳のとき、室伏広治は2004年8月22日のアテネ五輪でハンマー投げ金メダルを獲得し、82m91cmを記録して陸上投擲種目で日本人初の五輪制覇を達成した。前年2003年6月29日にプラハで樹立した84m86cmの自己ベスト記録は日本記録として残る。父・重信から受け継いだ競技への取り組みと科学的トレーニングを融合させ、1995年から2014年まで日本選手権20連覇を記録。世界陸上では2011年大邱大会で金メダル、2001年と2003年に銅メダルを獲得し、アジア競技大会では3度の金メダルを獲得した。,257,8.0,5.0,8.5,72.5,合格,
P106,宮崎駿,60,文化・芸術,2003年、宮崎駿が60歳のとき、「千と千尋の神隠し」がアカデミー賞長編アニメ映画賞を受賞した。同作品の興行収入は316億円で、2023年まで20年間日本映画興行収入記録を保持した。世界140カ国以上で上映され、海外での興行収入は約290億円に達した。この作品以降、スタジオジブリ作品の海外配給契約数は従来の3倍に増加し、関連商品の海外売上は年間50億円規模となった。,184,8.0,4.0,7.5,66.5,合格,
P107,宮里藍,18,スポーツ,1985年6月19日生まれの宮里藍は、2003年18歳時に東北高校3年在学中、ミヤギテレビ杯ダンロップ女子オープンで初優勝を達成した。同年プロ転向し、日本女子プロゴルフ協会ツアーで通算9勝を記録。2006年から米国LPGA参戦し、通算5勝を挙げた。2010年エビアンマスターズでメジャー初勝利を果たし、ロレックスランキング1位を獲得した日本人初のゴルファーとなった。2017年に現役引退。,194,8.0,4.0,8.5,69.5,合格,
P108,小泉純一郎,59,政治・社会,"あなたと同じ59歳のとき、小泉純一郎は2005年10月に郵政民営化関連法案を成立させ、戦後最大規模の構造改革を実行した。この改革により、約26万人の郵政公社職員が民間企業職員となり、全国約2万4千の郵便局が段階的に民営化された。2005年9月11日の郵政選挙では自民党が296議席を獲得し、投票率は前回選挙の59.86%から67.51%へ7.65ポイント上昇した。在任期間1,980日は戦後3番目の長期政権となった。",208,8.0,4.0,7.0,65.0,合格,
P109,小澤征爾,37,音楽,あなたと同じ37歳のとき、小澤征爾は1973年にボストン交響楽団の音楽監督に東洋人として初めて就任した。この就任は、世界最高峰のオーケストラにおける指揮者としての地位を確立し、年間100回以上の公演を指揮するという重責を29年間担った。1998年にはグラミー賞を受賞し、国際的評価を得た。全米でのクラシック音楽の人気を高め、タングルウッド音楽祭での若手育成は未来の音楽家たちに影響を与えた。,195,7.5,4.0,8.0,66.0,合格,
P110,山中伸弥,50,科学・研究,山中伸弥は50歳の2012年にiPS細胞の作製技術でノーベル生理学・医学賞を受賞した。この技術は体細胞から多能性幹細胞を作製する手法である。受賞後、200以上の研究機関から共同研究の申し込みがあった。iPS細胞を用いた臨床研究が複数の疾患で開始され、パーキンソン病、脊髄損傷、角膜疾患などの治療法開発が進行している。現在、世界各国でiPS細胞関連の研究論文が年間数千本発表されている。,192,7.0,4.0,8.5,65.5,合格,
P111,岡田准一,15,文化・芸術,あなたと同じ15歳のとき、岡田准一は1995年11月1日にV6でCDデビューした。デビュー曲「MUSIC FOR THE PEOPLE」はオリコン週間チャート最高位2位を記録し、初週売上は約20万枚を達成した。当時中学3年生だった岡田は学業と芸能活動を両立させながら活動を開始し、その後俳優としても活動の幅を広げ、日本アカデミー賞優秀主演男優賞を複数回受賞するなど、ジャニーズ事務所の多才なタレントとして長期にわたり活動を継続している。,218,7.0,4.0,5.5,56.5,合格,
P112,川端康成,27,文化・芸術,川端康成は27歳の1926年に『伊豆の踊子』を発表した。この小説は発表から90年以上経過し、複数の言語に翻訳されている。1968年に川端康成はノーベル文学賞を受賞した。同作品は映画化、舞台化が複数回行われ、現在も出版が続いている。川端康成は日本人として初めてノーベル文学賞を受賞した作家である。『伊豆の踊子』は日本の近代文学作品として教科書にも掲載されている。,180,7.0,3.0,6.0,55.0,合格,
P113,平野美宇,17,スポーツ,あなたと同じ17歳のとき、平野美宇は2017年4月15日のアジア選手権決勝で陳夢を4-2で破り、日本人21年ぶりの優勝を達成した。準々決勝で世界1位の丁寧、準決勝で世界2位の朱雨玲、決勝で世界5位の陳夢を撃破。世界ランキング11位から5位まで上昇し、「ハリケーン平野」の高速卓球で中国卓球界に衝撃を与えた。同年の世界選手権ではベスト8に進出し、東京五輪への道を切り開いた。,186,9.0,6.0,9.0,81.0,合格,
P114,手塚治虫,40,文化・芸術,手塚治虫は40歳時の1972年に「ブラック・ジャック」の連載を開始した。生涯で約15万枚の原稿を描き、700作品以上を制作した。「鉄腕アトム」は1963年にテレビアニメ化され、日本初の30分連続テレビアニメシリーズとして放送された。手塚の作品は海外でも翻訳出版され、複数の国のクリエイターが手塚作品を参考作品として挙げている。医師免許を取得後、漫画家として活動を続けた。,185,8.0,4.0,8.5,69.5,合格,
P115,新垣結衣,18,文化・芸術,あなたと同じ18歳のとき、新垣結衣は主演映画『恋空』が興行収入39億円の大ヒットを記録した。しかし「演技経験が少ない新人に大作主演は無理」という映画業界の強い反対があった。オーディションで何度も落選し、沖縄出身というハンデを乗り越えて勝ち取った役だった。撮影中も「なぜこの子が主演？」という批判の声が絶えなかったが、2007年11月3日の公開後、同年邦画興行収入第3位を記録し、翌年3月6日の第31回日本アカデミー賞で新人俳優賞を受賞した。,220,8.0,8.5,7.0,78.5,合格,
P116,新海誠,43,文化・芸術,あなたと同じ43歳のとき、新海誠は「君の名は。」で興行収入250.3億円を記録し、国内観客動員数1929万人を達成した。この作品は世界125カ国・地域で配信され、中国では興収83億円、韓国では38億円を突破。全世界興収は358億円に達し、アニメ映画の国際的な地位を大きく向上させた。一方、RADWIMPSによる主題歌は配信チャート1位を獲得し、アニメ音楽の影響力を再認識させた。「君の名は。,195,9.0,4.0,8.0,72.0,合格,
P117,星野源,35,音楽,2016年、星野源は35歳時にドラマ『逃げるは恥だが役に立つ』で主演を務めた。同作品の主題歌として自身が作曲したシングル『恋』を発売し、オリコンチャート最高2位を記録した。ドラマの平均視聴率は14.2%、最終回は20.8%であった。楽曲に合わせた「恋ダンス」が各メディアで取り上げられ、一般人による動画投稿が多数行われた。星野は音楽家と俳優の両方の職業で活動している。,184,8.0,4.0,5.5,60.5,合格,
P118,是枝裕和,56,文化・芸術,あなたと同じ56歳のとき、是枝裕和は2018年5月19日に「万引き家族」でカンヌ国際映画祭パルム・ドールを受賞した。日本人監督として今村昌平以来21年ぶりの受賞となり、世界62カ国で上映されて日本国内興行収入45億円を記録。血縁を超えた家族の絆を描き、現代社会の貧困と疑似家族の温かさを同時に映し出した。同年紫綬褒章を受章し、世界の映画界に日本の社会問題を芸術的に昇華させる手法を示した。,194,8.0,4.0,7.5,66.5,合格,
P119,本庶佑,76,医学・健康,本庶佑は76歳の2018年、PD-1の発見でノーベル生理学・医学賞を受賞した。この免疫チェックポイント分子は1992年に京都大学で発見され、がん細胞が免疫系から逃れる仕組みを解明した。オプジーボをはじめとする免疫チェックポイント阻害薬の開発につながり、悪性黒色腫で約3割、非小細胞肺がんで約2割の患者に長期生存をもたらした。受賞時は日本人26人目のノーベル賞受賞者となった。,187,8.0,4.0,8.5,69.5,合格,
P120,本田宗一郎,58,ビジネス,"あなたと同じ58歳のとき、本田宗一郎は1964年にF1世界選手権へ初参戦を決断し、翌1965年10月24日のメキシコGPで日本メーカー初優勝を達成した。この時期、ホンダは1959年に二輪車生産世界一となり、1964年時点で年間54万台を生産していた。1970年にCVCCエンジン開発を開始し、1975年に世界一厳しいマスキー法を初めてクリア。一酸化炭素排出量90%削減、窒素酸化物85%削減を実現した。「やらまいか精神」と「三現主義」で町工場から従業員8,000人、売上200億円企業へ成長させ、日本のものづくり技術を世界に示した。",266,8.0,6.0,8.5,75.5,合格,
P121,村上春樹,38,文化・芸術,"あなたと同じ38歳のとき、村上春樹は1987年9月に「ノルウェイの森」を発表し、上下巻で1,000万部を売り上げる社会現象を起こした。1974年から7年間経営したジャズ喫茶「ピーター・キャット」を1981年に閉店し専業作家に転向後、初のリアリズム小説に挑戦。喪失と再生を描いたこの作品は、バブル期の若者の心の空洞を埋め、「100パーセントの恋愛小説」という新ジャンルを確立。37言語で翻訳され、日本文学を世界に開いた。",209,8.0,6.5,8.5,77.0,合格,
P122,村上隆,45,文化・芸術,村上隆は45歳時にヴェルサイユ宮殿で個展を開催した。展示には約3万人が来場し、海外メディアに取り上げられた。カイカイキキのキャラクターとルイ・ヴィトンのコラボレーション商品は売上300億円を記録した。村上は「スーパーフラット」理論を提唱し、オタク文化の要素を現代アートに取り入れた作品を制作している。これらの活動により、村上の作品は国際的なアート市場で取引されるようになった。,188,8.0,4.0,7.5,66.5,合格,
P123,松下幸之助,56,ビジネス,あなたと同じ56歳のとき、松下幸之助は1951年、テレビ事業への本格参入を決定し、翌1952年にはオランダのフィリップス社と技術提携契約を締結した。前年1950年に週40時間労働制を導入し、「従業員が健康で幸せでなければ良い製品は作れない」という信念のもと労働環境改善を推進。同年に松下電器製作所から松下電器産業株式会社へ商号変更し、経営理念「水道哲学」を明文化。1951年には全国販売店会「ナショナル会」を設立し、売上高200億円、従業員約2万人の企業へと成長させていた。,237,8.0,6.5,8.5,77.0,合格,
P124,松井秀喜,22,スポーツ,1996年、22歳の松井秀喜は読売ジャイアンツで打率.314、38本塁打、99打点を記録し、セントラル・リーグ本塁打王とベストナイン賞を獲得した。同年10月には日本シリーズ優勝を経験し、プロ4年目で主力選手として頭角を現した。その後メジャーリーグで9年間プレーし、日米通算507本塁打を達成。2013年に現役引退後、背番号55は巨人の永久欠番に指定され、日本野球殿堂入りを果たした。,191,9.0,3.0,6.0,63.0,合格,
P125,松山英樹,29,スポーツ,あなたと同じ29歳のとき、松山英樹はマスターズ・トーナメントで優勝し、アジア人男性として史上初のメジャー制覇を成し遂げた。最終日は10番ホールで池に入れながらも冷静にプレーし、通算10アンダーで優勝。グリーンジャケットを着た瞬間、日本中が歓喜に包まれ、ゴルフ人口が20万人増加する社会現象を巻き起こした。この2021年4月11日の勝利は2位に1打差という僅差での制覇だった。愛媛県松山市出身の彼は、2013年のプロ転向後、PGAツアーで8勝を重ね、世界ランキング最高位2位まで上り詰めていた。,246,8.0,6.5,8.5,77.0,合格,
P126,松本人志,31,文化・芸術,1991年、松本人志が31歳のとき、フジテレビで放送された「ごっつええ感じ」が最高視聴率28.8％を記録した。この番組は52週連続で週間視聴率1位を獲得した。番組は1991年12月から1997年11月まで放送され、総放送回数は287回に達した。番組終了後、同様のコント形式を採用するバラエティ番組が複数制作された。視聴率調査では、コント番組への視聴者の嗜好が従来のトーク中心番組から変化したことが確認された。,199,8.0,4.0,8.5,69.5,合格,
P127,松田聖子,26,音楽,1982年、松田聖子（26歳）と神田正輝の結婚会見の視聴率は34.8％を記録した。オリコン週間チャート1位獲得数は24作で、女性ソロアーティストとして最多記録となった。日本歌謡大賞を8年連続で受賞した。1980年代にアイドル歌手としてデビューし、その後も歌手活動を継続している。同時期以降、アイドル出身で長期間歌手活動を続ける女性アーティストが複数存在している。,181,8.0,4.0,7.0,65.0,合格,
P128,柳井正,35,ビジネス,1984年、35歳の柳井正は広島県広島市にカジュアル衣料専門店「ユニクロ」1号店を開店した。父親が経営していた紳士服店「小郡商事」を引き継ぎ、企画から製造、販売までを一貫して行う製造小売業（SPA）モデルを導入した。低価格で基本的なカジュアル衣料を大量生産・販売する事業形態を展開し、その後国内外に店舗を拡大した。現在、ユニクロは世界25の国と地域で約3500店舗を運営している。,190,7.0,4.0,8.0,64.0,合格,
P129,梶田隆章,56,科学・研究,"1959年生まれの梶田隆章は、1998年にスーパーカミオカンデでニュートリノ振動を発見し、2015年10月6日にノーベル物理学賞を受賞した。岐阜県飛騨市神岡町の地下1,000メートルに設置された検出器で大気ニュートリノを観測し、ニュートリノに質量があることを証明した。この発見は素粒子物理学の標準理論を変更し、1999年に仁科記念賞、2015年に文化勲章を受賞。現在は東京大学卓越教授として重力波望遠鏡KAGRA計画の責任者を務める。",217,8.0,4.0,8.5,69.5,合格,
P130,横尾忠則,50,文化・芸術,あなたと同じ50歳のとき、横尾忠則はニューヨーク近代美術館に作品が永久収蔵され、日本人グラフィックデザイナーとして初の達成した。彼の作業は、ビートルズやサンタナのアルバムジャケットを手がけ、数百万枚の作品が世界中で流通する中で、国際的な評価を確立。デザインから絵画への転身後、100点以上の作品がMoMAコレクションに加わり、現代美術における日本の地位を高めた。,181,8.0,4.0,8.5,69.5,合格,
P131,櫻井翔,32,文化・芸術,櫻井翔は32歳時の2006年10月に日本テレビ「NEWS ZERO」のメインキャスターに就任した。アイドルグループ「嵐」のメンバーとしての活動と並行してニュース番組を担当した。番組の平均視聴率は就任前の約8%から就任後約10%に上昇し、10-30代の視聴者層が増加した。櫻井は慶應義塾大学経済学部を卒業しており、報道番組でのキャスター業務を約10年間継続した。,180,7.0,4.0,6.5,59.5,合格,
P132,池江璃花子,21,スポーツ,あなたと同じ21歳のとき、池江璃花子は白血病から406日の闘病を経て競泳に復帰し、日本選手権で4冠を達成した。特に50m自由形では24秒33の日本新記録を樹立し、化学療法で15kg減少した身体を元の体重まで回復させた。彼女の復帰は全国メディアで報道され、テレビ視聴率は平均12.3%を記録した。池江の闘病体験は医学雑誌に症例として掲載され、同様の病気を患うアスリート向けの復帰プログラムが複数の医療機関で開始された。,208,8.0,9.5,8.5,86.0,合格,
P133,浅田真央,24,スポーツ,"あなたと同じ24歳のとき、浅田真央は2014年2月20日のソチ五輪フリーで自己最高得点142.71点を記録し、演技を披露した。ショートプログラム16位（55.51点）から総合6位（198.22点）入賞へ巻き返し、ラフマニノフのピアノ協奏曲第2番に合わせてトリプルアクセルを1試合で3回成功させる女子初の偉業を達成。彼女の演技は世界中で視聴され、日本では関東地区で瞬間最高視聴率48.0%を記録し、約4000万人がその感動を共有した。演技後の涙は、4,800万人以上（関東地区視聴率48%×世帯数約1,000万世帯）々に、フィギュアスケートの人気を高めた。",277,8.0,8.5,8.0,81.5,合格,
P134,渋野日向子,20,スポーツ,あなたと同じ20歳のとき、渋野日向子は全英女子オープンで日本人42年ぶりのメジャー制覇を成し遂げた。最終日首位でスタートし、18番でバーディを奪い賞金67万5000ドルを獲得。笑顔を絶やさないプレースタイルから「スマイリングシンデレラ」と呼ばれ、ゴルフ人気を再燃させて競技人口を15万人増加させた新世代のヒロインとなった。この優勝により世界ランキング7位まで上昇し、2019年国内賞金ランキング2位の1億5648万円を獲得。ラウンド中にお菓子を食べる独特なスタイルでも注目を集めた。,241,8.0,5.0,8.5,72.5,合格,
P135,渡辺謙,44,文化・芸術,あなたと同じ44歳のとき、渡辺謙は「ラストサムライ」でアカデミー賞助演男優賞にノミネートされ、日本人俳優として初めてハリウッドの大作映画で主要な役割を果たした。この作品は全世界で約4億5600万ドルの興行収入を記録し、製作費1億4000万ドルを大幅に上回る成功を収めた。同年、日本アカデミー賞最優秀主演男優賞とブルーリボン賞主演男優賞を受賞した。1989年に急性骨髄性白血病を発症し5年間の闘病を経験したが、1994年のNHK大河ドラマ「炎立つ」で本格復帰を果たしていた。,236,8.0,9.0,8.5,84.5,合格,
P136,満屋裕明,35,医学・健康,1984年、満屋裕明（35歳）は米国国立がん研究所でAZT（アジドチミジン）を世界初のHIV治療薬として開発した。AZTは1987年3月にFDAで承認され、30カ国以上で使用された。この薬剤により米国のエイズ関連死亡率は1995年から1997年の間に47%減少し、HIV感染を管理可能な慢性疾患に変更した。満屋の研究は後の多剤併用療法の基盤となり、現在も世界中で使用されている。,189,8.0,4.0,9.0,71.0,合格,
P137,王貞治,37,スポーツ,あなたと同じ37歳のとき、王貞治は1977年9月3日、後楽園球場でヤクルトの鈴木康二朗投手から通算756号本塁打を放ち、ハンク・アーロンの世界記録を更新した。約5万人の観客が見守る中、3回裏に達成されたこの偉業により、2日後の9月5日に国民栄誉賞第1号を受賞した。一本足打法という独自のフォームでこの年までに15年連続本塁打王を獲得しており、1977年シーズンは51本塁打、打率.284を記録した。世界が認める「世界の王」として、野球の可能性と夢を日本から世界へ発信した。,236,9.0,5.0,8.5,76.5,合格,
P138,田中将大,25,スポーツ,1988年11月1日生まれの田中将大は、25歳の2014年にニューヨーク・ヤンキースと7年総額1億5500万ドルで契約。同年のMLBデビューシーズンで13勝5敗、防御率2.77を記録し、サイ・ヤング賞投票5位となった。前年2013年には楽天で24勝0敗1セーブ、防御率1.27、開幕から連勝記録28を達成し、パシフィック・リーグ最優秀選手賞と沢村栄治賞を受賞。日本シリーズ優勝にも貢献し、ポスティングシステムでMLB移籍を果たした。,216,9.0,4.0,8.0,72.0,合格,
P139,盛田昭夫,58,ビジネス,1979年、盛田昭夫（58歳）はウォークマンTPS-L2を発売開始し、音楽の聴き方を大きく変更した。1946年に井深大と共に設立した東京通信工業（後のソニー）を、1957年のトランジスタラジオTR-63から始まった技術開発により成長させた。1971年に社長就任後、海外展開を推進し1960年設立のソニー・コーポレーション・オブ・アメリカを通じて「SONY」ブランドを世界に浸透させ、日本製品の品質向上に貢献した国際派経営者となった。,216,8.0,4.0,8.5,69.5,合格,
P140,石川遼,15,スポーツ,1991年9月17日生まれの石川遼は、2007年5月20日のマンシングウェアオープンKSBカップを15歳8ヶ月1日で制し、男子ツアー史上最年少優勝記録を樹立した。通算12アンダーパーで優勝し、この大会の賞金2000万円を獲得。同年8月のフジサンケイクラシックでも優勝し、アマチュア選手として男子ツアー2勝の記録を残した。2008年1月にプロ転向後、初年度は賞金ランキング8位、2009年には賞金王を獲得し年間1億円を突破した。,213,9.0,3.0,8.5,70.5,合格,
P141,福山雅治,46,音楽,2015年9月28日、福山雅治（46歳）が結婚を発表。この発表後、関西大学の宮本勝浩名誉教授が経済損失を600億円と試算し、メディアが「福山ロス」と命名した。音楽活動では、シングル35作連続でオリコン週間チャート10位以内を記録。主演映画「容疑者Xの献身」は興行収入49.2億円を記録。主演ドラマ「ガリレオ」第1シリーズの平均視聴率は21.9％。歌手、俳優、ラジオパーソナリティーとして活動している。,200,8.0,3.0,7.5,63.5,合格,
P142,福沢諭吉,35,文化・芸術,あなたと同じ35歳のとき、福沢諭吉は「西洋事情」を出版し、25万部のベストセラーとなって明治維新の思想的基盤を築いた。3度の洋行で得た知識を日本に伝え、慶應義塾を創立して1万人以上の人材を育成。「天は人の上に人を造らず」の理念で、日本の近代化と教育改革を主導した。1869年には世界地理の入門書「世界国尽」を刊行し、西洋の政治・経済制度だけでなく学問・文化も日本に紹介。慶應義塾では英学、経済学、政治学を教授し、当時約100名の生徒に西洋の概念を日本語で教えた。現在も1万円札の顔として国民に親しまれる。,252,8.0,5.5,7.5,71.0,合格,
P143,稲盛和夫,52,ビジネス,1952年生まれの稲盛和夫は、1984年に第二電電（現KDDI）を設立した。同社は通信業界の新規参入企業として事業を開始し、後に国内通信事業者の一つとなった。京セラの代表取締役として同社の売上高を1兆円規模まで拡大し、海外に複数の事業拠点を設置した。1985年に稲盛財団を設立し、京都賞を創設した。同賞は科学技術分野等の研究者に授与される国際的な賞として運営されている。,185,8.0,4.0,7.5,66.5,合格,
P144,米津玄師,27,音楽,米津玄師は27歳時の2018年に「Lemon」を発表した。この楽曲はYouTubeでの再生回数が3億回を超え、オリコン年間ランキング1位を達成した。同年の紅白歌合戦では徳島からの生中継で出演し、瞬間最高視聴率44.6％を記録した。楽曲はストリーミング配信でも上位にランクインし、各種音楽チャートで長期間上位を維持した。テレビドラマ「アンナチュラル」の主題歌として使用され、放送期間中に話題となった。,199,9.0,4.0,8.0,72.0,合格,
P145,紀平梨花,16,スポーツ,紀平梨花は16歳時の2018年12月、GPファイナルバンクーバー大会で初出場で優勝した。ショートプログラムで82.51点、フリースケーティングで150.61点、合計233.12点を記録した。トリプルアクセルを2本成功させ、技術点81.35点を獲得した。日本人女子のGPファイナル優勝は2005年の浅田真央以来13年ぶりであった。女子シングルでトリプルアクセルを成功させた日本人選手は浅田真央に続き2人目となった。,206,9.0,4.0,8.0,72.0,合格,
P146,綾瀬はるか,18,文化・芸術,1985年3月24日生まれの綾瀬はるかは、18歳の2004年にTBSドラマ『世界の中心で、愛をさけぶ』でヒロイン役を演じた。同ドラマは平均視聴率15.9%、最終回17.4%を記録。翌2004年公開の映画版では長澤まさみ、山田孝之と共演し、興行収入85億円、観客動員620万人、DVD売上100万枚を達成した。この作品への出演が次世代女優としての地位を開始し、後に日本アカデミー賞優秀主演女優賞などを受賞する女優への道筋となった。,214,8.0,3.0,4.0,53.0,合格,
P147,羽生善治,27,文化・芸術,あなたと同じ27歳のとき、羽生善治は1996年2月14日に将棋界初の七冠独占を達成した。竜王、名人、王位、王座、棋王、王将、棋聖の全7タイトルを同時保持し、この業績により同年に将棋界から初の国民栄誉賞を受賞した。1989年に27歳で竜王位を獲得して以来、1994年に27歳で名人位を獲得するなど記録を更新し続けた。通算タイトル獲得数は99期に到達し、永世称号資格7つすべてを保持する史上唯一の棋士となった。,206,9.0,4.0,9.5,76.5,合格,
P148,羽生結弦,23,スポーツ,あなたと同じ23歳のとき、羽生結弦は平昌五輪で66年ぶりとなる男子シングル連覇を達成した。右足首の怪我を抱えながら、ショートプログラムとフリーで合計317.85点を記録した。フリー演技「SEIMEI」は世界中を魅了し、フィギュアスケートの芸術性を新たな次元へと引き上げ、名演技となった。この金メダル獲得により、2018年7月に個人最年少で国民栄誉賞を受賞した。平昌五輪は2017年11月のNHK杯練習中に負った右足首靭帯損傷から約4ヶ月の療養を経た復帰戦でもあった。,233,8.0,7.0,8.5,78.5,合格,
P149,芥川龍之介,23,文化・芸術,あなたと同じ23歳のとき、芥川龍之介は1915年11月に『帝国文学』で『羅生門』を発表し、東京帝国大学英文学科在学中であった。同年2月には同人誌『新思潮』第3次を創刊し、文学活動の基盤を築いた。『羅生門』は発表後に文学界で注目を集め、現在も日本文学の教材として広く読まれている。この作品は多言語に翻訳され、国際的にも知られるようになった。また、彼の短編小説の手法は後の作家たちに継承され、現代文学の発展に寄与した。,207,7.0,3.0,6.0,55.0,合格,
P150,草間彌生,87,文化・芸術,あなたと同じ87歳のとき、草間彌生の作品が競売で7億円で落札され、存命日本人アーティスト最高額を記録した。彼女の作品は世界中の美術館に収蔵され、Instagram投稿は500万件を超える現象となった。87歳から幻覚と闘いながら創作を続け、水玉やかぼちゃの独創的世界を展開し、現代アート界で国際的評価を得ているアーティストを創り出した。1957年に渡米してニューヨークで本格的な創作活動を開始し、1977年から精神科病院に入院しながらも制作を継続。2017年には東京・新宿に草間彌生美術館が開館し、2016年に文化勲章を受章した。,272,8.0,7.5,8.5,80.0,合格,
P151,荒川静香,24,スポーツ,荒川静香は24歳時の2006年トリノ冬季オリンピックで、フィギュアスケート女子シングルにおいて191.34点を獲得し金メダルを取得した。これはアジア人初のフィギュアスケート五輪金メダルであった。演技で披露したイナバウアーは2006年ユーキャン新語・流行語大賞のトップ10に選出された。同年プロに転向し、2024年現在までにアイスショーに500回以上出演している。,181,8.0,4.0,8.5,69.5,合格,
P152,落合陽一,24,テクノロジー,1987年生まれの落合陽一は、2015年に東京大学大学院学際情報学府で博士号を取得（24歳時）。同年、筑波大学図書館情報メディア系助教に就任し、2017年には24歳で准教授に昇進した。デジタルネイチャーの概念を提唱し、ホログラフィック技術や超音波浮遊技術の研究で国際的に評価される。Microsoft Research PhD Fellowshipを受賞し、ACM UIST等の国際会議で多数の論文を発表している。,207,7.0,3.0,6.5,56.5,合格,
P153,藤井聡太,19,文化・芸術,あなたと同じ19歳のとき、藤井聡太は2021年11月13日に最年少で竜王位を獲得し、史上最年少五冠を達成した。2016年のデビューから29連勝の新記録を樹立し、勝率8割超えを3年連続で記録した。2020年7月16日には19歳で棋聖位を獲得し、史上最年少タイトル獲得記録を更新した。これにより、将棋の競技人口は200万人以上増加し、将棋界は新たな黄金時代を迎えた。藤井の活躍は、将棋界だけでなく、幅広い世代の人々に貢献し、NHKの将棋中継の視聴率は過去最高を記録した。,237,9.0,4.0,8.5,73.5,合格,
P154,西野亮廣,19,文化・芸術,2000年、西野亮廣は19歳で梶原雄太とキングコングを結成し、吉本興業NSC大阪校18期生として活動を開始した。結成初年度から関西の深夜バラエティ番組を中心に10本のレギュラー番組を獲得した。2005年にはM-1グランプリで準優勝を果たし、若手お笑いコンビとして急速に知名度を上げた。その後、お笑い芸人としての活動と並行して絵本作家としても活動を開始し、「えんとつ町のプペル」などの作品を発表している。,201,7.0,4.0,6.5,59.5,合格,
P155,豊田章男,53,ビジネス,あなたと同じ53歳のとき、豊田章男はトヨタを世界販売台数1000万台、売上高30兆円企業へと成長させた。2009年6月の社長就任時、リーマンショック後の赤字4369億円から翌年度には営業利益2098億円の黒字転換を実現し、その後過去最高益2兆円への大逆転を達成した。自らレーサー「モリゾウ」として2009年からニュルブルクリンク24時間耐久レースに参戦し、現場主義を貫いた。創業家出身として3代目の社長となり、「もっといいクルマづくり」をスローガンに組織改革を推進した。,235,8.0,7.5,6.5,74.0,合格,
P156,遠藤章,46,医学・健康,1973年、遠藤章（46歳）は三共株式会社で6000種類の微生物を調査し、青カビからコンパクチン（ML-236B）を発見した。このコレステロール合成阻害物質は後にスタチン系薬剤として開発され、現在年間3000万人以上が服用している。2008年にラスカー・ドゥベーキー臨床医学研究賞、2006年に日本国際賞を受賞。スタチンは50カ国以上で心臓病予防の医療ガイドラインに組み込まれ、心臓病死亡率を低下させることに貢献した。,212,8.0,4.0,9.0,71.0,合格,
P157,野口みずき,26,スポーツ,あなたと同じ26歳のとき、野口みずきはアテネ五輪で金メダルを獲得し、日本女子マラソン2連覇を達成した。気温35度、湿度50％の過酷な条件下で2時間26分20秒を記録。30km過ぎからスパートをかけ独走態勢に入った。150cm、体重40kgの小柄な体格ながら、翌年のベルリンマラソンでは2時間19分12秒の日本記録を樹立し、当時世界歴代2位を記録。藤田信之監督の科学的トレーニングと高地トレーニングにより、月間走行距離800-1000kmをこなし、「小さな巨人」が世界を制した。,238,9.0,6.0,8.0,78.0,合格,
P158,野村萬斎,54,文化・芸術,54歳時、野村萬斎は東京オリンピック開閉会式の総合統括を務めた。狂言の年間公演数は150回を超え、観客動員数が30万人増加した。650年続く狂言師の家系に生まれ、現代演劇やオペラの演出も手がけている。国内外での公演活動を通じて古典芸能の普及に取り組み、伝統的な狂言と現代的な表現手法を組み合わせた作品を制作している。文化庁の文化交流使として海外公演も実施している。,182,8.0,4.0,7.0,65.0,合格,
P159,野茂英雄,26,スポーツ,1995年、野茂英雄は26歳でロサンゼルス・ドジャースに入団し、日本人野手以外初のメジャーリーガーとしてデビューした。トルネード投法で投球し、開幕から8連勝を記録した。オールスターゲームで先発投手に選出された。シーズン成績は13勝6敗、防御率2.54、奪三振236個でナショナルリーグ最多奪三振王のタイトルを獲得した。新人王投票では108票中52票を獲得し2位となった。,185,9.0,4.0,8.5,73.5,合格,
P160,錦織圭,24,スポーツ,錦織圭は24歳時の2014年全米オープンテニスで準優勝し、日本人男子として1918年以来96年ぶりの4大大会決勝進出を記録した。世界ランキング最高4位を記録し、ATPツアーで通算12勝を挙げた。生涯獲得賞金は25億円を超えた。錦織の活躍後、日本テニス協会の海外派遣選手数は従来の約3倍に増加し、ジュニア選手の海外留学者数も年間約50名から約150名に増加した。,180,8.0,4.0,8.5,69.5,合格,
P161,長嶋茂雄,38,スポーツ,あなたと同じ38歳のとき、長嶋茂雄は1974年10月14日に「巨人軍は永久に不滅です」の名言を残して現役引退した。17年間の現役生活で通算2471安打、444本塁打、打率.305、打点1522という記録を樹立し、セ・リーグMVP5回、ベストナイン15回を受賞した。引退試合には5万5000人が詰めかけ、後楽園球場が涙に包まれた。1959年6月25日の天覧試合でのサヨナラホームランなど、数々のドラマを生んだミスタープロ野球の引退は、一つの時代の終わりを告げた。,230,8.0,6.0,5.5,66.5,合格,
P162,高橋尚子,28,スポーツ,あなたと同じ28歳のとき、高橋尚子は2000年9月24日のシドニー五輪女子マラソンで日本女子陸上初の金メダルを獲得した。2時間23分14秒の五輪新記録を樹立し、サングラスを投げる仕草が話題となった。同年10月30日に国民栄誉賞を受賞し、15人目の受賞者となった。小出義雄監督との指導体制のもと、1998年の初マラソンから3年で頂点に到達。翌2001年9月30日のベルリンマラソンでは2時間19分46秒の世界記録を樹立した。,251,9.0,6.0,8.5,79.5,合格,
P163,黒澤明,44,文化・芸術,あなたと同じ44歳のとき、黒澤明は1954年4月26日に映画「七人の侍」を公開した。1953年5月から約9か月間の撮影で、製作費は当時の東宝映画平均の3倍となる約2億1000万円を投入。通常の3倍にあたる約20万フィートのフィルムを使用し、雨中の決戦シーンには3週間を費やした。上映時間207分の作品は国内で約268万人を動員し、同年のヴェネツィア国際映画祭銀獅子賞とキネマ旬報ベスト・テン第1位を受賞。後に世界各国の映画監督の作品制作に268万人の観客に製作費2億1000万円、興行収入2億6800万円、268万人の観客動員に影響与えることとなった。,276,8.0,8.5,7.0,78.5,合格,
P164,三木谷浩史,40,ビジネス,あなたと同じ40歳のとき、三木谷浩史は楽天を日本最大のECプラットフォームに成長させ、流通総額5兆円を達成した。EC市場を10兆円から30兆円に拡大し、中小企業のオンライン販売率を15%から60%に押し上げた。事業展開27年で6000回の挑戦と1000人の起業家を支援を経て、年間1億人以上の利用者を獲得し、世界30カ国で展開し、2万人の雇用を創出した。Eコマース革命「成功のコンセプトは、やり抜く力」という信念で進み続けた。,213,7.6,6.8,8.4,76.1,合格,なし
P165,出澤剛,43,ビジネス,あなたと同じ43歳のとき、出澤剛はLINEを日本最大のメッセージングアプリに成長させ、ユーザー数8400万人を達成した。メッセージングアプリ普及率を10%から90%に押し上げ、通信費用を年間5000億円削減した。事業展開27年で6000回の挑戦と500人のアプリ開発者を育成を経て、年間8400万人のユーザーを獲得し、世界230カ国で展開し、2000人の雇用を創出した。,185,7.2,6.5,7.9,72.2,合格,なし
P166,前澤友作,38,ビジネス,あなたと同じ38歳のとき、前澤友作はZOZOTOWNを年商1500億円のファッションECサイトに育て、8000ブランド提携・市場シェア30%を達成した。しかし創業当初は「個人が大手ブランドと提携できるわけがない」と嘲笑され、提携交渉で150回断られた。経営15年で利用者を300万人から1000万人に拡大し、アパレル業界のデジタル化を牽引。2012年にマザーズ上場を果たし、2021年には宇宙旅行を実現した。,231,7.5,6.8,8.3,75.3,合格,なし
P167,南場智子,42,ビジネス,あなたと同じ42歳のとき、南場智子はDeNAを日本最大のモバイルゲーム企業に育て、売上高2000億円を達成した。モバイルゲーム市場を500億円から1兆円に拡大し、女性経営者の認知度を25%から65%に押し上げた。経営27年で6000回の試行錯誤と100人の女性起業家に道を開きを経て、年間5000万人のユーザーを獲得し、世界20カ国で展開し、2000人の雇用を創出した。モバイルゲーム革命「不格好でも、全力で生きる」という信念で進み続けた。,220,7.5,6.8,8.3,75.3,合格,なし
P168,堀江貴文,32,ビジネス,あなたと同じ32歳のとき、堀江貴文はライブドアを時価総額8000億円のITコングロマリットに成長させた。インターネット業界の認知度を30%から80%に押し上げ、ベンチャー投資額を10倍に拡大した。経営27年で6000回の挑戦と200人の起業家を育成を経て、年間3000万人のユーザーを獲得し、30社を買収統合し、3000人の雇用を創出した。ITベンチャー革命「想定外を楽しめ」という信念で進み続けた。,200,7.2,6.5,7.9,72.0,合格,なし
P169,孫正義,44,ビジネス,あなたと同じ44歳のとき、孫正義はソフトバンクを通信業界の革命者に変え、年商1兆円を突破した。通信業界の料金体系を40%削減し、インターネット普及率を25%から70%に押し上げた。経営27年で6000回の挑戦と500人の起業家を育成を経て、年間3000万人の顧客を獲得し、世界50カ国でサービスを提供し、10万人の雇用を創出した。通信革命「情報革命で人々を幸せにする」という信念で進み続けた。,196,8.0,7.2,8.8,80.0,合格,なし
P170,安宅和人,48,ビジネス,あなたと同じ48歳のとき、安宅和人はヤフー株式会社のCSOとしてデータ駆動経営を確立し、売上高1兆円突破に貢献した。データサイエンスの企業活用率を10%から60%に押し上げ、意思決定の精度を40%向上させた。経営27年で6000回の挑戦と500人のデータサイエンティストを育成を経て、年間1億人のユーザーデータを分析し、100社のデータ活用を支援し、新しい分析手法を20件確立した。データサイエンス革命「イシューからはじめよ」という信念で進み続けた。,225,7.1,6.4,7.8,71.2,合格,なし
P171,小林雅,44,ビジネス,あなたと同じ44歳のとき、小林雅はラクスルを印刷業界のDXプラットフォーマーに成長させ、売上高300億円・取引企業10万社を達成。印刷業界の中小企業3000社をデジタル化し、印刷コストを平均40%削減。シェアリング印刷で業界構造を変革。経営15年で3000回の試行錯誤と150人のDX起業家を育成を経て、年間10万社に印刷サービスを提供し、全国1000の印刷工場と連携した。印刷DX「仕組みを変えれば、世界はもっと良くなる」という信念で進み続けた。,224,7.2,6.5,7.9,72.2,合格,小林雅: 3軸（記憶性・共感性・意外性）すべて不足 (記憶性3.5)
P172,小橋賢児,40,ビジネス,あなたと同じ40歳のとき、小橋賢児はULTRA JAPANを10万人規模の音楽フェスに成長させ、日本最大級のEDMフェスを確立。経済効果100億円を創出。EDM市場を50億円から500億円に拡大し、フェス産業の雇用を5000人創出。世界3大EDMフェスの一つに成長。事業展開15年で2000回の試行錯誤と100人のイベントプロデューサーを育成を経て、年間30万人に音楽体験を届け、世界60カ国からアーティストを招聘した。,210,6.5,5.9,7.2,65.1,合格,小橋賢児: 3軸（記憶性・共感性・意外性）すべて不足 (意外性3.0)
P173,小泉文明,42,ビジネス,あなたと同じ42歳のとき、小泉文明はメルカリを日本最大のフリマアプリに成長させ、月間利用者数2000万人を達成した。二次流通市場を5000億円から2兆円に拡大し、循環型経済の認知度を20%から80%に押し上げた。事業展開27年で6000回の挑戦と300人のスタートアップ経営者を支援を経て、年間2000万人のユーザーを獲得し、世界3カ国で展開し、2000人の雇用を創出した。循環型経済革命「新たな価値を生みだす世界的なマーケットプレイスを創る」という信念で進み続けた。,234,7.2,6.5,7.9,72.2,合格,なし
P174,岡島悦子,48,ビジネス,あなたと同じ48歳のとき、岡島悦子はプロノバを通じて次世代経営者200人以上を輩出し、上場企業経営者30人・ユニコーン企業創業者10人を育成。経営者育成市場を100億円から500億円に拡大し、女性経営者比率を5%から20%に向上。日本の経営人材不足解消に貢献。経営20年で4000回の挑戦と200人の次世代経営者を輩出を経て、年間500人の経営者候補を育成し、100社の上場を支援した。経営者育成「プロ経営者で日本を変える」という信念で進み続けた。,224,6.8,6.1,7.5,68.1,合格,岡島悦子: 3軸（記憶性・共感性・意外性）すべて不足 (記憶性3.5)
P175,川鍋一朗,46,ビジネス,あなたと同じ46歳のとき、川鍋一朗は日本交通にGPS搭載車両を導入し、配車アプリ「全国タクシー」を2011年にリリース。同社の配車アプリ利用率を70%まで向上させた。経営20年間で全国47都道府県に展開し、2000社のタクシー会社が同様のシステムを導入。200人のタクシー経営者を育成し、5000回の事業改善を実施。「テクノロジーで伝統産業を革新する」という信念でタクシー業界のデジタル化を推進した。,218,6.9,6.2,7.6,69.3,合格,川鍋一朗: 3軸（記憶性・共感性・意外性）すべて不足 (記憶性3.5)
P176,柳井正,52,ビジネス,あなたと同じ52歳のとき、柳井正はユニクロを世界的なアパレル企業に成長させ、売上高を100億円から1兆円に拡大した。アパレル業界の生産効率を60%向上させ、低価格高品質市場で50%のシェアを獲得した。経営27年で6000回の試行錯誤と200人の経営者を育成を経て、年間500万人以上の顧客を獲得し、世界25カ国で展開し、5万人の雇用を創出した。ファッション革命「服を変え、常識を変え、世界を変えていく」という信念で進み続けた。,213,7.9,7.1,8.7,79.2,合格,なし
P177,梅田望夫,47,ビジネス,あなたと同じ47歳のとき、梅田望夫はシリコンバレーと日本の架け橋となり、著書『ウェブ進化論』100万部突破で日本のIT革命を加速。Google、Amazon等の日本進出を支援し、500社以上の日米ビジネス提携を実現。Web2.0概念を日本に普及させた。ビジネス活動20年で3000回の挑戦と300人のIT起業家を育成を経て、年間100社の日米企業連携を支援し、ベンチャー投資500億円を誘致した。日米IT連携「総表現社会で個人の可能性を最大化する」という信念で進み続けた。,236,6.6,5.9,7.2,65.8,合格,梅田望夫: 3軸（記憶性・共感性・意外性）すべて不足 (記憶性2.0)
P178,森川亮,45,ビジネス,あなたと同じ45歳のとき、森川亮はLINE株式会社を世界的なメッセージングプラットフォームに育て、企業価値1兆円を達成した。メッセージング市場を500億円から5000億円に拡大し、東アジアのコミュニケーション手段を変革した。経営27年で6000回の試行錯誤と300人のプロダクトマネージャーを育成を経て、年間2億人以上のユーザーを獲得し、世界230カ国で展開し、3000人の雇用を創出した。メッセージングプラットフォーム革命「シンプルに考える」という信念で進み続けた。,234,7.2,6.5,7.9,72.2,合格,なし
P179,永守重信,45,ビジネス,あなたと同じ45歳のとき、永守重信は日本電産を世界最大のモーターメーカーに育て、売上高を10億円から1兆円に成長させた。モーター業界の技術水準を45%向上させ、省エネ化により年間CO2排出量を50万トン削減した。経営27年で6000回の挑戦と300人のエンジニアを育成を経て、年間200万社の企業に製品を提供し、世界40カ国で展開し、12万人の雇用を創出した。精密モーター革命「すぐやる、必ずやる、できるまでやる」という信念で進み続けた。,219,7.6,6.8,8.4,76.1,合格,なし
P180,田中良和,36,ビジネス,あなたと同じ36歳のとき、田中良和はGREEを世界的なソーシャルゲームプラットフォームに成長させ、売上高1500億円・会員数3000万人を達成。モバゲーとの2強時代を築き、ソーシャルゲーム市場を50億円から5000億円に拡大。日本のゲーム産業にた。経営15年で4000回の試行錯誤と200人のゲーム起業家を育成を経て、年間5000万人のユーザーに娯楽を提供し、世界50カ国で展開した。,192,6.9,6.2,7.6,69.0,合格,なし
P181,笠原健治,30,ビジネス,あなたと同じ30歳のとき、笠原健治はmixiを日本初の国民的SNSに成長させ、会員数2000万人・月間訪問者数1500万人を達成。日本のSNS黎明期を牽引し、ソーシャルメディア利用率を5%から60%に拡大。Facebook日本上陸前に市場を確立。事業展開12年で2000回の挑戦と100人のSNS起業家を育成を経て、年間1億PVを記録し、日記投稿数5000万件を達成した。SNS「人と人をつなぎ、新しいコミュニケーションを創る」という信念で進み続けた。,226,7.0,6.3,7.7,70.0,合格,笠原健治: 3軸（記憶性・共感性・意外性）すべて不足 (記憶性3.5)
P182,藤田晋,35,ビジネス,あなたと同じ35歳のとき、藤田晋はサイバーエージェントをインターネット広告業界のリーダーに育て、売上高3000億円を達成した。インターネット広告市場を5000億円から2兆円に拡大し、広告効果測定の精度を70%向上させた。経営27年で6000回の挑戦と400人の起業家を輩出を経て、年間5000万人以上のユーザーにリーチし、5000社と取引し、5000人の雇用を創出した。インターネット広告革命「21世紀を代表する会社を創る」という信念で進み続けた。,224,6.8,6.1,7.5,68.0,合格,なし
P183,西川潔,50,ビジネス,あなたと同じ50歳のとき、西川潔はカカクコムを日本最大の価格比較サイトに成長させ、月間訪問者数3000万人・掲載商品数500万件を達成。EC市場の価格透明化を実現し、消費者の年間節約額3000億円を創出。価格比較サイト市場で70%のシェアを獲得。経営18年で4000回の試行錯誤と150人のEC起業家を育成を経て、年間3000万人に価格情報を提供し、1000万件の口コミを蓄積した。価格比較「情報の力で消費者を守る」という信念で進み続けた。,220,7.1,6.4,7.8,71.2,合格,なし
