episode_id,person_id,person_name,category,age,episode_type,episode_text,person_type,source,generated_at
EP-25121420185340997,PC079A49,ヘルベルト・フォン・カラヤン,音楽,47,ACHIEVEMENT,"あなたと同じ47歳のとき、ヘルベルト・フォン・カラヤンは音楽界の頂点に立っていました。1955年、ベルリン・フィルハーモニー管弦楽団の終身首席指揮者に就任した彼は、リハーサル室で団員たちを前に静かに語りかけました。「私たちは単に音を奏でるのではない。音楽そのものになるのだ」と。

戦後復興期のベルリンで、カラヤンは楽団と共に新たな音楽表現を追求していました。完璧主義者として知られる彼は、一つのフレーズを何度も反復練習させ、時には夜中まで録音に没頭しました。指揮台に立つ彼の姿は、まるで音楽と対話しているかのようでした。

この年から始まった黄金時代は、彼の情熱と妥協なき姿勢によって築かれたのです。47歳のカラヤンは、自らの芸術的理想を現実のものとする確信に満ちていました。",REAL,classical_performer_generation,2025-12-14T20:18:53.410035
EP-25121420190081525,PC079A49,ヘルベルト・フォン・カラヤン,音楽,75,ACHIEVEMENT,あなたと同じ75歳のとき、ヘルベルト・フォン・カラヤンは音楽界の革新者として新たな挑戦を続けていました。1983年、彼はベルリン・フィルハーモニー管弦楽団とともに、世界初のデジタル録音によるコンサートを敢行しました。多くの音楽家がアナログ録音の温かみを重視する中、カラヤンは「音楽の未来はデジタルにある」と確信していました。録音セッション前夜、彼は「この技術により、100年後の人々も今日の演奏をありのままに聴くことができる」とスタッフに語りました。完璧主義者として知られた彼は、デジタル技術の精密さに魅了され、何度も録り直しを重ねました。この革新的な取り組みは、クラシック音楽界にデジタル録音の普及をもたらし、現代の音楽制作の基礎を築いたのです。,REAL,classical_performer_generation,2025-12-14T20:19:00.815293
EP-25121420190834275,P194098D,レナード・バーンスタイン,音楽,40,ACHIEVEMENT,あなたと同じ40歳のとき、レナード・バーンスタインは1958年にニューヨーク・フィルハーモニックの音楽監督に就任し、アメリカ生まれの指揮者として初めてメジャー・オーケストラのトップに立った。就任記者会見で彼は「私の夢が現実になった」と語り、手を震わせながらも力強い笑顔を見せた。しかし、その責任の重さは想像以上だった。ヨーロッパの伝統的な音楽界では、アメリカ人指揮者への偏見も根強く、批判的な視線を向ける評論家も少なくなかった。バーンスタインは深夜まで楽譜と向き合い、「アメリカの音楽文化を世界に示したい」という使命感を胸に、革新的なプログラムを次々と企画した。彼のエネルギッシュな指揮ぶりと教育的なアプローチは、やがてクラシック音楽の新たな地平を切り開くことになる。,REAL,classical_performer_generation,2025-12-14T20:19:08.342790
EP-25121420191671830,P194098D,レナード・バーンスタイン,音楽,71,ACHIEVEMENT,"あなたと同じ71歳のとき、レナード・バーンスタインは人生最後の偉大な瞬間を迎えていました。1989年12月23日、ベルリンの壁崩壊を記念する演奏会で、彼はベートーヴェンの第九交響曲を指揮しました。しかし、この夜は特別でした。「歓喜の歌」の歌詞で「Freude（歓喜）」を「Freiheit（自由）」に変更して歌わせたのです。

東西ドイツ、アメリカ、ソ連、イギリス、フランスの音楽家たちが一堂に会し、まさに音楽による平和の象徴となりました。バーンスタインは涙を浮かべながらタクトを振り、「これこそ音楽の持つ真の力だ」と語りました。体調が優れない中での渾身の指揮でしたが、彼にとって音楽家としての使命を全うした至高の瞬間でした。この演奏会から10か月後、彼は静かにこの世を去りました。",REAL,classical_performer_generation,2025-12-14T20:19:16.718337
EP-25121420192652365,PA82833B,カルロス・クライバー,音楽,45,ACHIEVEMENT,"あなたと同じ45歳のとき、カルロス・クライバーは音楽史に残る伝説的な『ばらの騎士』をミュンヘン国立歌劇場で指揮していました。1979年のこの公演で、彼は父エーリッヒの影から完全に脱却し、独自の芸術境地を確立したのです。

リハーサルでは完璧主義者として知られる彼が、オーケストラに対して「音楽は生き物だ。楽譜に書かれていない魂を聴かせてほしい」と語りかけました。第3幕の元帥夫人の別れの場面では、彼の指揮棒が震えるほど感情移入し、演奏者たちも涙を流したといいます。

本番では、彼の繊細で情熱的な解釈により、シュトラウスの音楽が新たな生命を吹き込まれました。終演後の長いスタンディングオベーションの中、普段は内向的な彼が珍しく満足げな表情を見せ、「今夜、音楽の神が降りてきた」と呟いたエピソードは語り草となっています。",REAL,classical_performer_generation,2025-12-14T20:19:26.523697
EP-25121420193347678,PA82833B,カルロス・クライバー,音楽,59,ACHIEVEMENT,あなたと同じ59歳のとき、カルロス・クライバーはウィーン・フィルハーモニー管弦楽団との最後の公演を迎えていました。1994年12月、ウィーン楽友協会の黄金のホールで指揮台に立った彼は、ベートーヴェンの交響曲第7番を振り上げました。完璧主義者として知られる彼は、この夜も楽団員との入念なアイコンタクトを交わし、右手の繊細な動きで音楽の流れを導いていきました。演奏後、長い間鳴り止まない拍手の中で、彼は深々とお辞儀をしながら、ウィーン・フィルとの長年にわたる音楽的対話に終止符を打つことの重みを噛みしめていました。この後、彼は公の場での指揮活動をほぼ停止し、音楽界の伝説的存在として語り継がれることになります。,REAL,classical_performer_generation,2025-12-14T20:19:33.476869
EP-25121420194117470,PEED3065,クラウディオ・アバド,音楽,56,ACHIEVEMENT,"あなたと同じ56歳のとき、クラウディオ・アバドはベルリン・フィルハーモニー管弦楽団の首席指揮者に就任し、音楽史上最も重要な転換点を迎えていました。カラヤンという巨大な存在の後継者として選ばれた彼は、プレッシャーを感じながらも、自分なりの音楽作りを模索していました。

就任直後のリハーサルで、アバドは楽団員たちに「私たちは一緒に新しい音楽を創造しましょう」と語りかけました。カラヤン時代の権威的なスタイルとは対照的に、彼は民主的で協調的なアプローチを重視しました。団員との対話を大切にし、若手演奏家の意見にも耳を傾ける姿勢は、楽団内に新しい風を吹き込みました。

この年、アバドは「音楽は独裁ではなく、共和制であるべきだ」という信念を実践し、ベルリン・フィルに革新的な変化をもたらしていったのです。",REAL,classical_performer_generation,2025-12-14T20:19:41.174764
EP-25121420194858072,P371C078,アルトゥーロ・トスカニーニ,音楽,60,ACHIEVEMENT,あなたと同じ60歳のとき、アルトゥーロ・トスカニーニは人生の新たな挑戦に直面していました。1937年、NBC交響楽団の創設という大役を任されたトスカニーニは、当初この申し出を断ろうとしていました。既にラ・スカラ座やニューヨーク・フィルハーモニックで輝かしい実績を築いていた彼にとって、アメリカのラジオ放送のための楽団創設は未知の領域でした。しかし、音楽を世界中の人々に届けるという使命感が彼の心を動かしました。「音楽に国境はない」という信念のもと、彼は厳格な基準でオーディションを実施し、完璧主義者として知られる彼らしく、楽団員一人一人に妥協のない演奏を求めました。この挑戦により、クラシック音楽の新しい時代の扉が開かれることになったのです。,REAL,classical_performer_generation,2025-12-14T20:19:48.580780
EP-25121420195532355,PC2723B3,ヴィルヘルム・フルトヴェングラー,音楽,40,ACHIEVEMENT,あなたと同じ40歳のとき、ヴィルヘルム・フルトヴェングラーは、ベルリン・フィルの指揮台で深い葛藤を抱えていました。1926年、彼は若い頃から憧れ続けていたベートーヴェンの第九交響曲の演奏に挑んでいました。しかし、完璧主義者である彼は、何度リハーサルを重ねても納得がいきません。「音楽は単なる音の羅列ではない。作曲家の魂そのものを表現しなければならない」と団員に語りながら、自身の解釈が果たして正しいのか悩み続けていました。ある夜、楽譜を前に一人佇んでいた彼は、「指揮者としての責任は重い。しかし、それこそが音楽への献身なのだ」と決意を新たにしました。その後の演奏は、聴衆を魅了し、彼の芸術的信念を確固たるものにしたのです。,REAL,classical_performer_generation,2025-12-14T20:19:55.323592
EP-25121420200251478,PB6305D1,ゲオルク・ショルティ,音楽,48,ACHIEVEMENT,あなたと同じ48歳のとき、ゲオルク・ショルティはシカゴ交響楽団の音楽監督に就任し、自身の音楽人生における最も重要な転機を迎えていました。ハンガリー出身でナチスの迫害を逃れ、長年ヨーロッパで研鑽を積んだショルティにとって、アメリカでの挑戦は大きな賭けでした。初回のリハーサルで楽団員たちの前に立った時、彼は緊張の中にも強い決意を抱いていました。「ここで世界最高のオーケストラを作る」という信念のもと、厳格な指導で知られる彼は、楽団員たちに妥協のない演奏を求めました。この就任により、後に続く22年間の黄金時代の幕が開かれ、シカゴ交響楽団は世界屈指の名門オーケストラへと飛躍することになったのです。,REAL,classical_performer_generation,2025-12-14T20:20:02.514820
EP-25121420201010853,PE41D359,コリン・デイヴィス,音楽,45,ACHIEVEMENT,"あなたと同じ45歳のとき、コリン・デイヴィスは指揮者として既に輝かしい経歴を築いていました。1973年、BBC交響楽団首席指揮者として2年目を迎えた彼は、ある重要な決断を迫られていました。当時のロンドン音楽界では、前衛的な現代音楽への圧力が強まっていましたが、デイヴィスは自身の信念を貫き、古典派からロマン派の作品を中心とした演奏会シリーズを企画したのです。

特に印象深いのは、この年に行ったベルリオーズの「幻想交響曲」の録音でした。彼は楽団員たちに「音楽は流行ではなく、永続する美しさを追求すべきだ」と語りかけ、情熱的な解釈で作品に新たな生命を吹き込みました。この録音は後に名盤として語り継がれ、デイヴィスの芸術的成熟を示す記念碑的作品となりました。",REAL,classical_performer_generation,2025-12-14T20:20:10.108574
EP-25121420201818325,PAC270F5,ズービン・メータ,音楽,26,ACHIEVEMENT,"あなたと同じ26歳のとき、ズービン・メータは音楽界の常識を覆す快挙を成し遂げていました。1962年、ロサンゼルス・フィルハーモニック管弦楽団の音楽監督に就任したのです。インド系指揮者として、また史上最年少での名門オーケストラ音楽監督就任は前例のないことでした。

初回リハーサルでは、年上の楽団員たちの視線が痛いほど注がれました。しかし、メータが指揮台に立ち、ベートーヴェンの交響曲第5番を振り始めると、会場の空気が一変。彼の情熱的で精密な指揮に楽団員たちは魅了されました。

「年齢や出身は関係ない。音楽だけがすべてを語る」

そう信じて臨んだ若きメータの挑戦は、その後16年間続く黄金時代の幕開けとなったのです。",REAL,classical_performer_generation,2025-12-14T20:20:18.183297
EP-25121420202522212,PF3D03A0,小澤征爾,音楽,38,ACHIEVEMENT,"あなたと同じ38歳のとき、小澤征爾は世界最高峰のオーケストラの一つ、ボストン交響楽団の音楽監督という重責を背負っていました。1973年、アジア人として初めてこの地位に就任した彼は、楽団員からの信頼を得るため、猛烈な勉強と準備を重ねました。

就任当初、一部の楽団員からは「若すぎる東洋人指揮者」として懐疑的な目で見られることもありました。しかし小澤は持ち前の情熱と音楽への深い愛情で、一人ひとりの楽団員と向き合いました。リハーサルでは楽譜を暗譜し、身振り手振りを交えながら自分の音楽観を伝え続けました。

ある日のリハーサル後、長年楽団にいるベテランのバイオリニストが彼に歩み寄り、「あなたの音楽への情熱が伝わってきます」と声をかけました。その瞬間、小澤は心の底から安堵し、この挑戦への確信を深めたのです。",REAL,classical_performer_generation,2025-12-14T20:20:25.222166
EP-25121420203305708,PF3D03A0,小澤征爾,音楽,67,ACHIEVEMENT,あなたと同じ67歳のとき、小澤征爾はウィーン国立歌劇場音楽監督として、プッチーニの「トスカ」の舞台に立っていた。リハーサル中、オーケストラとの微細な音のやりとりに集中する彼の姿は、まさに音楽と一体化していた。しかし、この頃から体調の変化を感じ始めていた小澤は、指揮台に立つたびに「今日という日を大切にしなければ」という思いを強く抱くようになった。ある夜、公演後の楽屋で「音楽は永遠だが、指揮者の時間は有限だ」と静かに語った。ウィーンの伝統ある歌劇場で世界最高峰の音楽家たちと創り上げる舞台は、彼にとって人生の集大成でもあった。日本人として初めてこの重責を担う誇りと責任を胸に、一音一音に魂を込めて指揮棒を振り続けた。,REAL,classical_performer_generation,2025-12-14T20:20:33.057123
EP-25121420204084627,P0A3E8DB,リッカルド・ムーティ,音楽,39,ACHIEVEMENT,あなたと同じ39歳のとき、リッカルド・ムーティはフィラデルフィア管弦楽団の音楽監督に就任し、人生の転換点を迎えていた。前任者ユージン・オーマンディが50年間築き上げた伝統ある楽団を引き継ぐプレッシャーは計り知れなかった。就任当初、アメリカの楽団員たちは若いイタリア人指揮者に懐疑的な視線を向けていた。しかしムーティは、持ち前の情熱と厳格さで彼らの心を掴んでいく。特にベートーヴェンの交響曲第9番のリハーサルでは、細部への妥協のない要求が楽団員たちを感動させた。「音楽に国境はない。我々は一つの音楽を創り上げる家族だ」と語った彼の言葉は、やがて楽団全体の結束を生み出し、世界最高峰のオーケストラとしての新たな黄金時代の幕開けとなった。,REAL,classical_performer_generation,2025-12-14T20:20:40.846312
EP-25121420204828763,P0FAF93E,サー・サイモン・ラトル,音楽,44,ACHIEVEMENT,"あなたと同じ44歳のとき、サー・サイモン・ラトルは音楽史に残る重大な決断を下していました。1999年、ベルリン・フィルハーモニー管弦楽団から次期首席指揮者への就任要請を受けた彼は、長年築き上げてきたバーミンガム市交響楽団での地位を離れる葛藤に苦しんでいました。

「バーミンガムは私の音楽的故郷だ。しかし、ベルリン・フィルという世界最高峰のオーケストラからの招聘は、指揮者として断ることのできない挑戦だ」と当時語っていた彼は、18年間愛情を注いだバーミンガム市響の楽団員たちとの別れを前に涙を流しました。この決断により、彼は2002年からカラヤンの後継者として、世界最高峰の舞台で新たな音楽的冒険を始めることになったのです。",REAL,classical_performer_generation,2025-12-14T20:20:48.287667
EP-25121420205593863,PA4F3F38,グスターボ・ドゥダメル,音楽,26,ACHIEVEMENT,"あなたと同じ26歳のとき、グスターボ・ドゥダメルは世界最高峰のオーケストラの一つ、ロサンゼルス・フィルハーモニックの音楽監督に就任していました。2009年10月、就任記念コンサートでベートーヴェンの第9交響曲を指揮する瞬間、彼の胸中には故郷ベネズエラへの深い感謝がありました。

貧困地区で音楽に出会い、エル・システマで育った少年が、今や世界的指揮者となった奇跡。リハーサルでは「音楽は希望を与える力がある」と楽団員に語りかけ、その情熱的な指揮に感動したヴァイオリニストが涙を流したほどでした。コンサート後、彼は「これは私一人の成功ではなく、音楽が人生を変える証明です」と語り、世界中の恵まれない子どもたちへ音楽教育を広める使命を改めて誓ったのです。",REAL,classical_performer_generation,2025-12-14T20:20:55.938672
EP-25121420210296813,P1C0E24C,マリス・ヤンソンス,音楽,49,ACHIEVEMENT,あなたと同じ49歳のとき、マリス・ヤンソンスは指揮者として円熟期を迎えていました。1992年にオスロ・フィルハーモニー管弦楽団の音楽監督に就任してから10年が経ち、楽団との信頼関係は深まっていました。ある日のリハーサルで、シベリウスの交響曲第2番を演奏していた際、彼は楽団員たちに「音楽は技術ではなく、心の対話です」と語りかけました。父アルヴィドから受け継いだ音楽への情熱と、ラトビア出身者としての祖国への想いが、彼の指揮に特別な深みを与えていたのです。この頃、ヤンソンスは世界各地の名門オーケストラからの招聘が絶えず、国際的な評価も高まっていました。しかし彼にとって最も大切なのは、常に音楽家たちとの真摯な音楽作りでした。,REAL,classical_performer_generation,2025-12-14T20:21:02.968168
EP-25121420211035373,PB3C071F,ピエール・ブーレーズ,音楽,46,ACHIEVEMENT,あなたと同じ46歳のとき、ピエール・ブーレーズはニューヨーク・フィルハーモニックの音楽監督として、クラシック音楽界の頂点に立っていました。1971年のある日、彼はリンカーン・センターのリハーサル室で、ストラヴィンスキーの「春の祭典」の練習を指揮していました。楽団員たちの困惑した表情を見て、彼は一度タクトを止め、「音楽は生きているものです。楽譜に書かれた音符の背後にある真実を探しましょう」と静かに語りかけました。前衛音楽の作曲家としても名を馳せていた彼は、伝統的なオーケストラに現代的解釈を注入することに情熱を注いでいました。この時期、彼は作曲活動と指揮者としての責任の間で葛藤を抱えながらも、音楽の未来を切り拓こうとする使命感に燃えていたのです。,REAL,classical_performer_generation,2025-12-14T20:21:10.353770
EP-25121420211823623,P23D087C,ニコラウス・アーノンクール,音楽,24,ACHIEVEMENT,あなたと同じ24歳のとき、ニコラウス・アーノンクールは音楽界の常識に真っ向から挑戦していた。1953年、ウィーン交響楽団でチェロ奏者として活動する傍ら、彼は「音楽を作曲された当時の姿で蘇らせたい」という強い信念を抱いていた。同僚たちからは「時代遅れ」と嘲笑されることもあったが、妻アリスと共に古楽器による演奏団体「ウィーン・コンツェントゥス・ムジクス」を創設した。初回の練習では、バロック時代の弓でヴァイオリンを弾く音色に感動し、「これこそバッハが聴いていた音だ」と涙を流したという。当時はまだ古楽復興運動が始まったばかりで、楽器の入手も困難だったが、彼の情熱は周囲の音楽家たちを次第に魅了していった。,REAL,classical_performer_generation,2025-12-14T20:21:18.236269
EP-25121420212641733,P101E24A,ジョン・エリオット・ガーディナー,音楽,33,ACHIEVEMENT,"あなたと同じ33歳のとき、ジョン・エリオット・ガーディナーは音楽界に革命を起こそうとしていました。1978年、彼は長年温めてきた夢を実現させるため、イングリッシュ・バロック・ソロイスツを創設したのです。

「バロック音楽を作曲家が意図した通りに演奏したい」という強い信念を抱いていたガーディナーは、現代楽器ではなく当時の楽器を用いた演奏にこだわりました。しかし、資金調達は困難を極め、多くの音楽関係者からは「時代錯誤だ」と批判されることもありました。

それでも彼は諦めませんでした。深夜まで楽譜を研究し、18世紀の演奏法を徹底的に調べ上げる日々。初公演の夜、観客席から響いた温かい拍手を聞いたとき、ガーディナーの目には涙が浮かんでいました。この瞬間が、後の古楽演奏ブームの出発点となったのです。",REAL,classical_performer_generation,2025-12-14T20:21:26.417372
EP-25121420213424552,P3DE5F84,エサ＝ペッカ・サロネン,音楽,34,ACHIEVEMENT,あなたと同じ34歳のとき、エサ＝ペッカ・サロネンは、ロサンゼルス・フィルハーモニックの音楽監督として、伝統的なオーケストラの概念を根底から覆そうとしていました。フィンランド出身の若き指揮者は、就任初年度からベルリオーズの「幻想交響曲」にエレクトロニクスを組み込んだ革新的な演奏を披露し、保守的な聴衆を驚かせました。彼は楽団員との練習中、「音楽は博物館の展示品ではない。生きた芸術なんだ」と熱く語り、現代作曲家の作品を積極的にプログラムに組み込みました。自身も作曲家である彼は、指揮台に立ちながら常に新しい音の可能性を探求し、クラシック音楽界に新風を吹き込んでいました。その革新的な姿勢は、やがてロサンゼルス・フィルを世界最高峰のオーケストラの一つへと押し上げる原動力となったのです。,REAL,classical_performer_generation,2025-12-14T20:21:34.245567
EP-25121420214249636,P6935A27,アンドリス・ネルソンス,音楽,35,ACHIEVEMENT,あなたと同じ35歳のとき、アンドリス・ネルソンスは世界最高峰のオーケストラの一つ、ボストン交響楽団の音楽監督として重責を担っていました。2017年のある冬の夜、シューマンの交響曲第4番のリハーサル中、彼は楽団員たちとの音楽的対話に深い手応えを感じていました。ラトビア出身の彼にとって、アメリカの聴衆に自身の音楽観を伝えることは大きな挑戦でしたが、この夜のリハーサルで弦楽器セクションから生まれた繊細な響きに、彼は確信を得たのです。「音楽に国境はない」という信念のもと、彼は指揮台で静かに微笑みました。翌日の本番では、その確信が観客の心を深く揺さぶる演奏として結実し、スタンディングオベーションが鳴り止まない夜となりました。,REAL,classical_performer_generation,2025-12-14T20:21:42.496404
EP-25121420215082633,P016176A,キリル・ペトレンコ,音楽,47,ACHIEVEMENT,"あなたと同じ47歳のとき、キリル・ペトレンコは音楽界最高峰の舞台に立っていました。2019年8月、ついにベルリン・フィルハーモニー管弦楽団の首席指揮者として正式にデビューを果たしたのです。

開幕演奏会ではベートーヴェンの交響曲第9番を選択。リハーサルでは持前の完璧主義を発揮し、細部まで妥協を許さない姿勢で楽団員と向き合いました。本番前、舞台袖で深呼吸するペトレンコの胸には、ロシア系オーストリア人として歩んできた複雑な音楽的アイデンティティと、カラヤン、アバドらが築いた伝統への敬意、そして自身の音楽観を融合させる決意が込められていました。

指揮台に立った瞬間、静寂の中で彼が振り上げた腕は、新時代のベルリン・フィルの始まりを告げる歴史的な一振りとなったのです。",REAL,classical_performer_generation,2025-12-14T20:21:50.826365
EP-25121420215807342,P81A5AAB,ヤニック・ネゼ＝セガン,音楽,35,ACHIEVEMENT,あなたと同じ35歳のとき、ヤニック・ネゼ＝セガンは、フィラデルフィア管弦楽団の音楽監督に就任するという歴史的瞬間を迎えていました。2010年6月、名門オーケストラの8代目音楽監督に選ばれた彼は、「まるで夢のようだ」と語りました。カナダ出身の若き指揮者にとって、ストコフスキーやオーマンディといった伝説的な巨匠たちが築いた「フィラデルフィア・サウンド」の伝統を受け継ぐ重責は計り知れないものでした。就任前の準備期間中、彼は楽団員一人ひとりと面談を重ね、「音楽への情熱を共有したい」と熱心に語りかけました。35歳という若さでの大役に不安もありましたが、「音楽に年齢は関係ない。大切なのは心の通じ合いだ」という信念を胸に、新たな音楽作りへの挑戦を始めたのです。,REAL,classical_performer_generation,2025-12-14T20:21:58.073460
EP-25121420220612570,P93FAC02,クリスティアン・ティーレマン,音楽,46,ACHIEVEMENT,あなたと同じ46歳のとき、クリスティアン・ティーレマンは既にバイロイト音楽祭の芸術監督として7年目を迎え、ワーグナー解釈における新たな境地を開拓していました。この年、彼は長年の夢であった「ニーベルングの指輪」全曲チクルスの革新的な演出に挑戦しました。リハーサル中、オーケストラとの息の合ったやりとりを見せながらも、「ワーグナーの真意をどこまで現代に伝えられるか」という重圧を感じていたといいます。公演初日、第一楽章の冒頭で指揮棒を振り上げた瞬間、会場に響く深遠な音色に観客は息を呑みました。演奏後、楽屋で一人静かに涙を流していた彼の姿を目撃した関係者は、「音楽への純粋な愛と責任の重さが交錯した瞬間だった」と後に語っています。この公演は彼の指揮者人生の新章を刻む記念すべき夜となりました。,REAL,classical_performer_generation,2025-12-14T20:22:06.125748
EP-25121420221504311,P402B8BA,マルタ・アルゲリッチ,音楽,24,ACHIEVEMENT,あなたと同じ24歳のとき、マルタ・アルゲリッチは1965年のショパン国際ピアノコンクールで圧倒的な演奏を披露し、見事優勝を果たしました。アルゼンチン出身の彼女は、コンクール前日まで「本当に出場すべきか」と迷い続けていたといいます。しかし、いざ舞台に立つと、その天性の音楽性が爆発しました。特にショパンのピアノ協奏曲第1番では、技術的な完璧さだけでなく、情熱的で詩的な表現で聴衆を魅了しました。審査員たちは満場一致で彼女を優勝者に選出。この瞬間、南米出身初の同コンクール優勝者が誕生したのです。優勝後、アルゲリッチは「音楽は競争ではない。でも、この舞台で自分の音楽を表現できて幸せだった」と語り、その後の輝かしいキャリアの出発点となりました。,REAL,classical_performer_generation,2025-12-14T20:22:15.043163
EP-25121420222323547,P402B8BA,マルタ・アルゲリッチ,音楽,60,ACHIEVEMENT,"あなたと同じ60歳のとき、マルタ・アルゲリッチは日本の温泉地・別府で新たな音楽祭を立ち上げていました。2001年の別府アルゲリッチ音楽祭創設です。

「私にとって日本は特別な場所」と語っていたアルゲリッチ。初来日から30年以上が経ち、彼女は日本の聴衆の温かさと音楽への真摯な姿勢に深く感動していました。別府での音楽祭は、単なるコンサートではなく「音楽を通じた家族的な絆」を大切にする彼女らしい試みでした。

開幕コンサートでは、娘たちや愛弟子たちと共演。リハーサル中、「ここでは誰もが対等な音楽家」と微笑みながら若い演奏者たちを励ます姿が印象的でした。60歳という節目に、世界的な巨匠が選んだのは華やかなソロリサイタルではなく、次世代と音楽を分かち合う温かな場づくりだったのです。",REAL,classical_performer_generation,2025-12-14T20:22:23.235519
EP-25121420223074055,P6086A25,ヴラディーミル・ホロヴィッツ,音楽,83,ACHIEVEMENT,あなたと同じ83歳のとき、ヴラディーミル・ホロヴィッツは61年ぶりに祖国ソビエト連邦の土を踏み、モスクワで歴史的な帰還コンサートを開いた。1986年4月20日、モスクワ音楽院大ホールに詰めかけた聴衆の前で、彼はまず故郷への愛を込めてスクリャービンのエチュードを演奏した。続くラフマニノフのピアノ・ソナタ第2番では、亡命以来封印していた祖国への想いが指先から溢れ出した。演奏後、スタンディングオベーションが20分間続く中、ホロヴィッツは涙を流しながら何度も深く頭を下げた。「私はついに家に帰ってきました」と彼が語ったその声は震えていた。この歴史的瞬間は、冷戦下における音楽の力と、一人の音楽家の故郷への変わらぬ愛を世界に示した感動的な出来事となった。,REAL,classical_performer_generation,2025-12-14T20:22:30.740588
EP-25121420223914045,P2917BAC,アルトゥール・ルービンシュタイン,音楽,89,ACHIEVEMENT,あなたと同じ89歳のとき、アルトゥール・ルービンシュタインは1976年5月9日、ロンドンのウィグモア・ホールで最後の公開演奏を行いました。プログラムはショパンの夜想曲とワルツ、そして彼が生涯愛し続けたシューマンの作品でした。演奏前、楽屋で「指が思うように動かない」と嘆いていた彼でしたが、ステージに立つと別人のように輝いていました。聴衆は演奏の途中から涙を流し、終演後は10分間にわたるスタンディングオベーションが続きました。カーテンコールで彼は「音楽は私の人生そのものでした。皆様と共に過ごしたこの時間が、私の最高の宝物です」と語りかけました。進行する視力の衰えにより、これが最後の公演となることを覚悟していた巨匠の、70年に及ぶ演奏活動への感謝に満ちた別れの瞬間でした。,REAL,classical_performer_generation,2025-12-14T20:22:39.140491
EP-25121420224709549,P0242EBD,スヴャトスラフ・リヒテル,音楽,45,ACHIEVEMENT,あなたと同じ45歳のとき、スヴャトスラフ・リヒテルは、ついに鉄のカーテンを越えてアメリカの土を踏んでいました。1960年10月、カーネギーホールでの演奏会は、冷戦下での文化的な雪解けの象徴でもありました。西側では既に伝説的存在として知られていた彼でしたが、実際の演奏を聴くのは初めてという聴衆が息を殺して待つ中、リヒテルはバッハの《フーガの技法》から始まり、圧倒的なテクニックと深い音楽性で会場を魅了しました。演奏後の拍手は10分間も続き、普段は感情を表に出さない彼も、この瞬間ばかりは目に涙を浮かべていたといいます。アメリカの批評家たちは「ピアニストの皇帝」と称賛し、リヒテルの国際的な名声は決定的なものとなりました。この成功は、彼の長年の孤独な修行が報われた瞬間でした。,REAL,classical_performer_generation,2025-12-14T20:22:47.095538
EP-25121420225473059,PEC71E51,グレン・グールド,音楽,22,ACHIEVEMENT,"あなたと同じ22歳のとき、グレン・グールドは音楽界に衝撃を与える録音に挑んでいました。1955年6月、コロンビア・レコードのスタジオで、彼はバッハの「ゴールドベルク変奏曲」の録音に臨みました。当時、この作品は年配の演奏家が手がける重厚な楽曲とされていましたが、グールドは独自の解釈で挑戦しました。

録音中、彼は愛用の低い椅子に座り、指揮者のように歌いながら演奏しました。プロデューサーたちは最初、この斬新すぎるアプローチに困惑しましたが、グールドの明晰で軽やかな表現に次第に魅了されていきました。「音楽は感情ではなく、構造の美しさを伝えるべきだ」と語る彼の信念が、38分間の演奏に込められていました。

この録音は翌年リリースされ、クラシック音楽界の常識を覆す大ヒットとなりました。",REAL,classical_performer_generation,2025-12-14T20:22:54.730647
EP-25121420230218700,PEC71E51,グレン・グールド,音楽,32,ACHIEVEMENT,"あなたと同じ32歳のとき、グレン・グールドは音楽界に衝撃を与える決断を下しました。1964年4月10日、ロサンゼルスでの演奏会を最後に、突如としてコンサート活動からの完全引退を発表したのです。

この決断の背景には、彼の完璧主義的な性格と、聴衆の前で演奏することへの深い不安がありました。グールドは「コンサートホールは闘技場のようで、聴衆は剣闘士の血を求めている」と語り、一度きりの演奏で作品の真の姿を伝えることの限界を痛感していました。

代わりに彼が選んだのは、録音スタジオでの創作活動でした。何度でも録り直しができ、編集によって理想の演奏を追求できる録音技術こそが、音楽の未来だと確信していたのです。この革新的な選択により、グールドは演奏家としてだけでなく、音楽メディアの先駆者としても歴史に名を刻むことになりました。",REAL,classical_performer_generation,2025-12-14T20:23:02.187053
EP-25121420231012177,PEC562D3,アルフレート・ブレンデル,音楽,77,ACHIEVEMENT,あなたと同じ77歳のとき、アルフレート・ブレンデルは2008年12月18日、ウィーン楽友協会大ホールで最後の演奏会を開いた。プログラムはモーツァルトのソナタ第32番とシューベルトの最後の3つのソナタという、彼が生涯愛し続けた作品たち。演奏前、楽屋で「今夜で60年間のコンサート活動に区切りをつける」と静かに語った彼の表情には、一抹の寂しさと深い満足感が混在していた。最後の音が響き終わると、聴衆は総立ちで拍手を送り続けた。ブレンデルは何度もお辞儀をしながら、「音楽は永遠だが、演奏家の肉体は有限。今が潮時だ」と心の中でつぶやいた。完璧主義者として知られた彼は、技術の衰えを感じる前に舞台を去ることを選んだのである。,REAL,classical_performer_generation,2025-12-14T20:23:10.121816
EP-25121420231769117,P5ABA6AC,マウリツィオ・ポリーニ,音楽,18,ACHIEVEMENT,あなたと同じ18歳のとき、マウリツィオ・ポリーニは1960年のショパン国際ピアノコンクールで史上最年少優勝を果たし、世界を驚かせました。イタリア・ミラノ出身の彼は、厳格な技術訓練を積んできた完璧主義者でした。コンクール当日、彼は緊張よりも集中力を選び、ショパンの協奏曲第1番を圧倒的な技巧と深い音楽性で演奏しました。審査員のアルトゥール・ルービンシュタインは「我々の中で彼より上手く弾ける者はいない」と絶賛したほどでした。しかし、ポリーニ自身は勝利の瞬間でさえ満足せず、「まだ学ぶべきことが山ほどある」と謙虚に語りました。この優勝により一躍国際的な注目を浴びましたが、彼は名声に惑わされることなく、さらなる研鑽を積むことを選択し、後の偉大なキャリアの礎を築いたのです。,REAL,classical_performer_generation,2025-12-14T20:23:17.691213
EP-25121420232501305,PBCC06BE,クリスティアン・ツィメルマン,音楽,19,ACHIEVEMENT,あなたと同じ19歳のとき、クリスティアン・ツィメルマンは1975年のショパン国際ピアノコンクールで史上最年少優勝という偉業を成し遂げました。ポーランド出身の彼は、祖国の偉大な作曲家ショパンの作品を演奏するプレッシャーを感じながらも、完璧主義者としての本能が彼を支えていました。決勝でのピアノ協奏曲第1番の演奏では、若さゆえの情熱と、既に備わっていた深い音楽的洞察力が見事に融合しました。優勝が発表された瞬間、彼は静かに微笑むだけでしたが、内心では音楽家として歩む道への確信を深めていました。この勝利は彼の国際的キャリアの出発点となり、後に世界最高峰のピアニストの一人として認められる礎となったのです。完璧を追求する姿勢は、この若き日の成功体験から生まれたものでした。,REAL,classical_performer_generation,2025-12-14T20:23:25.013100
EP-25121420233234828,P5B15533,内田光子,音楽,73,ACHIEVEMENT,あなたと同じ73歳のとき、内田光子は人生で初めてのグラミー賞を受賞した。モーツァルトのピアノ・ソナタ全集での受賞が決まったとき、彼女は静かに微笑んだという。「50年以上ピアノと向き合ってきて、ようやくモーツァルトの真意に少し近づけたかもしれません」と語った内田。授賞式では、長年の師であったリチャード・グードへの感謝を忘れなかった。この栄誉を受けても、彼女の日課は変わらない。毎朝6時に起床し、3時間の練習を欠かさない。「音楽に終わりはありません。73歳の今も、まだ学び続けています」。受賞後初めて弾いたのは、やはりモーツァルトのソナタ第11番だった。鍵盤に向かう彼女の表情には、少女のような純粋な喜びが宿っていた。,REAL,classical_performer_generation,2025-12-14T20:23:32.348313
EP-25121420234014416,P561E013,アンドラーシュ・シフ,音楽,27,ACHIEVEMENT,"あなたと同じ27歳のとき、アンドラーシュ・シフはバッハの全作品演奏という壮大な挑戦を開始しました。1981年、ハンガリー出身の若きピアニストは、ウィーンのコンツェルトハウスで最初のリサイタルを行い、この偉大な作曲家への敬意を表明したのです。

シフは幼少期からバッハの音楽に魅了されており、「バッハは音楽の源泉」と語っていました。この全曲演奏プロジェクトは単なる技術的な挑戦ではなく、彼にとってバッハの精神世界への深い探求でした。練習室で平均律クラヴィーア曲集と向き合う日々、彼は「一つ一つの音符に宇宙が宿っている」と感じていました。

当時の音楽界では、若い演奏家がこれほど体系的にバッハに取り組むことは珍しく、批評家たちは注目の眼差しを向けました。シフのこの決断は、後の彼の国際的な名声の礎となったのです。",REAL,classical_performer_generation,2025-12-14T20:23:40.144214
EP-25121420234772310,PB9ADE82,エフゲニー・キーシン,音楽,12,ACHIEVEMENT,あなたと同じ12歳のとき、エフゲニー・キーシンは世界最高峰のコンサートホールであるニューヨークのカーネギーホールの舞台に立っていました。1990年のその夜、彼はベートーヴェンのピアノ協奏曲第1番を演奏しました。リハーサルでは、指揮者から「君の音楽には魂がある」と称賛されましたが、キーシン自身は本番前に「僕はただ音楽を愛しているだけです」と謙虚に語っていました。演奏が始まると、彼の小さな手から紡ぎ出される音色は聴衆を魅了し、最後の音が響き終わった瞬間、会場は総立ちの拍手喝采に包まれました。このデビューにより、彼は一夜にして国際的なピアニストとしての地位を確立し、クラシック音楽界の新星として世界に名を刻んだのです。,REAL,classical_performer_generation,2025-12-14T20:23:47.723138
EP-25121420235710196,P488709E,ラン・ラン,音楽,17,ACHIEVEMENT,"あなたと同じ17歳のとき、ラン・ランは人生を変える奇跡的なチャンスを掴んだ。1999年8月14日、シカゴ郊外のラヴィニア音楽祭で、体調不良のアンドレ・ワッツに代わって急遽チャイコフスキーのピアノ協奏曲第1番を演奏することになったのだ。

わずか4時間前の突然の依頼に、彼は緊張よりも興奮を感じていた。カーティス音楽院の学生として地道に学んでいた少年にとって、シカゴ交響楽団との共演は夢のような機会だった。ステージに立った瞬間、幼い頃から父親に厳しく指導され、時には音楽を嫌いになりそうだった日々が蘇った。しかし、ピアノに向かうと、すべての迷いが消え去った。

彼の情熱的で大胆な演奏は聴衆を魅了し、スタンディングオベーションに包まれた。この夜、一人の中国系アメリカ人の少年が、世界的ピアニストへの扉を開いたのである。",REAL,classical_performer_generation,2025-12-14T20:23:57.101999
EP-25121420240477785,PD38D2D3,ユジャ・ワン,音楽,22,ACHIEVEMENT,"あなたと同じ22歳のとき、ユジャ・ワンは世界最高峰のオーケストラ、ベルリン・フィルハーモニー管弦楽団との共演という夢舞台に立っていました。2009年のデビュー公演では、ラフマニノフのピアノ協奏曲第2番を演奏。リハーサル中、彼女の圧倒的な技巧と音楽性に、歴戦の楽団員たちも驚嘆の声を上げました。

本番直前、緊張で手が震えそうになった瞬間、幼い頃から厳格な訓練を積んできた母国中国での日々を思い出し、「今までの全てがこの瞬間のためだった」と自分に言い聞かせました。舞台袖で深呼吸をした後、颯爽とステージに現れた彼女の演奏は、観客を魅了し、クラシック界に新星の誕生を告げる歴史的瞬間となったのです。",REAL,classical_performer_generation,2025-12-14T20:24:04.777893
EP-25121420241180333,PCD42FB9,ダニール・トリフォノフ,音楽,20,ACHIEVEMENT,あなたと同じ20歳のとき、ダニール・トリフォノフは2011年のチャイコフスキー国際コンクールで、審査員たちを驚愕させる演奏を披露していました。ファイナルでラフマニノフのピアノ協奏曲第3番を演奏した彼は、技巧的な難所でも一切の迷いを見せず、むしろ音楽の深い情感を表現することに集中していました。優勝が発表された瞬間、彼は静かに微笑むだけでした。後に「技術は音楽に仕える道具に過ぎない」と語った彼の言葉通り、この若き天才は既に音楽家としての本質を理解していたのです。ロシアの偉大なピアニストの系譜を継ぐ者として、彼のキャリアはこの栄光ある瞬間から本格的に始まったのでした。,REAL,classical_performer_generation,2025-12-14T20:24:11.803369
EP-25121420242046004,PDA045E9,ヤッシャ・ハイフェッツ,音楽,16,ACHIEVEMENT,"あなたと同じ16歳のとき、ヤッシャ・ハイフェッツはニューヨークのカーネギーホールで運命的なデビューコンサートを迎えていました。1917年10月27日、ロシア革命の混乱を逃れてアメリカに渡った少年は、緊張よりも興奮に満ちていました。

当日、楽屋で父親が「今日は君の人生が変わる日だ」と声をかけると、ハイフェッツは静かに頷き、愛用のストラディヴァリウスを手に取りました。舞台に立った瞬間、満席の聴衆の前で彼が奏でたのはチャイコフスキーのヴァイオリン協奏曲。その完璧な技巧と情感豊かな音色に、会場は息を呑みました。

演奏後、スタンディングオベーションが鳴り止まない中、16歳の天才は「アメリカで音楽家として生きていける」という確信を胸に深く一礼しました。この夜、音楽史に名を刻む伝説が始まったのです。",REAL,classical_performer_generation,2025-12-14T20:24:20.460075
EP-25121420242855206,PDA045E9,ヤッシャ・ハイフェッツ,音楽,70,ACHIEVEMENT,あなたと同じ70歳のとき、ヤッシャ・ハイフェッツは1972年10月23日、ロサンゼルスのドロシー・チャンドラー・パビリオンで最後のリサイタルを行いました。半世紀以上にわたって世界の聴衆を魅了し続けた「ヴァイオリンの皇帝」は、この夜、バッハの無伴奏パルティータ第2番やブラームスのソナタ第3番を演奏しました。完璧主義者として知られた彼は、舞台袖で最後の調弦を終えると、いつものように冷静な表情で舞台に歩み出ました。しかし演奏が終わり、万雷の拍手に包まれた瞬間、彼の目には珍しく涙が浮かんでいたと関係者は証言しています。「音楽は私の全てだった」と後に語った彼にとって、この夜は一つの時代の終わりを意味していました。翌年、彼は正式に演奏活動からの引退を表明し、教育活動に専念することになります。,REAL,classical_performer_generation,2025-12-14T20:24:28.552095
EP-25121420243535089,P8078ECE,ダヴィッド・オイストラフ,音楽,27,ACHIEVEMENT,あなたと同じ27歳のとき、ダヴィッド・オイストラフは人生を変える舞台に立っていました。1937年のイザイ国際コンクール本選で、彼は緊張で手が震えるのを感じていました。ソビエト連邦から参加した無名の青年が、世界最高峰のヴァイオリンコンクールで勝利を掴めるのか。演奏が始まると、彼の深く温かな音色がホールに響き渡りました。技術的な完璧さだけでなく、音楽への深い理解と情熱が審査員たちを魅了したのです。優勝が発表された瞬間、オイストラフは涙を堪えきれませんでした。オデッサの音楽院で学んだ少年が、ついに国際的な舞台で認められたのです。この勝利は彼にとって単なる賞ではなく、世界的ヴァイオリニストへの扉を開く鍵となりました。,REAL,classical_performer_generation,2025-12-14T20:24:35.350927
EP-25121420244286582,P6A6D891,ユーディ・メニューイン,音楽,13,ACHIEVEMENT,あなたと同じ13歳のとき、ユーディ・メニューインは音楽史に残る伝説的なデビューを果たしました。1929年、ベルリン・フィルハーモニー管弦楽団との共演で、彼はバッハ、ベートーヴェン、ブラームスという重厚なプログラムに挑みました。リハーサルでは、楽団員たちが少年の技術に息を呑み、指揮者ブルーノ・ワルターも「天からの贈り物」と感嘆したといいます。本番当日、緊張で手が震えそうになったユーディでしたが、ヴァイオリンを構えた瞬間、すべての不安が消え去りました。彼の奏でる音色は聴衆を魅了し、演奏後には総立ちの拍手喝采が鳴り止みませんでした。この成功により、彼は一夜にして世界的なヴァイオリニストとしての地位を確立し、クラシック音楽界の新たな扉を開いたのです。,REAL,classical_performer_generation,2025-12-14T20:24:42.865865
EP-25121420245076847,P27DF633,イツァーク・パールマン,音楽,50,ACHIEVEMENT,あなたと同じ50歳のとき、イツァーク・パールマンは映画「シンドラーのリスト」のテーマ曲を演奏し、人生最高の演奏の一つを成し遂げました。スピルバーグ監督から依頼を受けた時、ユダヤ系である彼は深い使命感を抱きました。レコーディング当日、ジョン・ウィリアムズの美しくも哀切な旋律を初見で演奏した彼は、ホロコーストの犠牲者への想いを込めて弦を震わせました。一音一音に込められた祈りのような響きは、スタジオにいた全員を涙させたと言われています。後に彼は「音楽を通じて歴史の証言者になれた」と語り、この演奏がアカデミー賞作品賞受賞作品の一部となったことを生涯の誇りとしました。50歳という円熟期に、技術と魂が完璧に融合した瞬間でした。,REAL,classical_performer_generation,2025-12-14T20:24:50.768509
EP-25121420245971122,P605A596,アンネ＝ゾフィー・ムター,音楽,13,ACHIEVEMENT,あなたと同じ13歳のとき、アンネ＝ゾフィー・ムターは運命を変える演奏会に臨んでいました。1976年のルツェルン音楽祭で、世界的指揮者ヘルベルト・フォン・カラヤンの前でモーツァルトのヴァイオリン協奏曲を演奏することになったのです。舞台袖で緊張に震える少女の手を、母親が優しく握りしめました。「いつも通りに弾けばいいのよ」という母の言葉を胸に、彼女はステージへ向かいました。演奏が始まると、持前の音楽的才能が開花し、会場は静寂に包まれました。その美しく成熟した音色に、カラヤンは深く感動し、演奏後すぐに彼女との共演を申し出ました。この瞬間、ドイツの小さな町で育った少女は、世界的なヴァイオリニストへの扉を開いたのです。カラヤンとの出会いが、彼女の輝かしいキャリアの出発点となりました。,REAL,classical_performer_generation,2025-12-14T20:24:59.711262
EP-25121420250802095,P026ED61,ヒラリー・ハーン,音楽,16,ACHIEVEMENT,"あなたと同じ16歳のとき、ヒラリー・ハーンは音楽業界の巨人ソニー・クラシカルとの契約という人生を変える瞬間を迎えていました。カーティス音楽院で学ぶ彼女のもとに契約の話が舞い込んだとき、彼女は冷静でした。「これは始まりに過ぎない」と自分に言い聞かせながら、契約書にサインする手は少し震えていたといいます。

同年代の友人たちが高校生活を謳歌する中、ヒラリーは既にプロの音楽家としての責任を背負うことになりました。しかし、彼女にとって最も重要だったのは、この契約が自分の音楽をより多くの人々に届ける手段であることでした。スタジオでの初回録音セッションでは、緊張のあまり普段なら難なく弾ける箇所でミスを重ね、悔し涙を流したこともありました。それでも、音楽への純粋な愛が彼女を支え続けたのです。",REAL,classical_performer_generation,2025-12-14T20:25:08.020990
EP-25121420251643829,P1BF72DF,ギドン・クレーメル,音楽,27,ACHIEVEMENT,あなたと同じ27歳のとき、ギドン・クレーメルは既にチャイコフスキー国際コンクールの栄光を手にしていたが、音楽への探求心は一層深まっていた。1974年のある日、リガの自宅で楽譜に向かう彼は、伝統的な演奏様式に疑問を抱いていた。「クラシック音楽は博物館の展示品ではない」と彼は考え、現代作曲家の作品を積極的に取り入れ始めた。その頃、シュニトケとの出会いが彼の音楽人生を大きく変えることになる。コンクール優勝者として期待される「安全な」レパートリーを演奏する道もあったが、クレーメルは敢えて険しい道を選んだ。ヴァイオリンから紡ぎ出される音は、時に聴衆を困惑させたが、彼にとってそれこそが生きた音楽の証だった。この時期の挑戦的な姿勢が、後の革新的な音楽家としての地位を確立する礎となった。,REAL,classical_performer_generation,2025-12-14T20:25:16.438346
EP-25121420252457222,P7CBBC37,アイザック・スターン,音楽,40,ACHIEVEMENT,あなたと同じ40歳のとき、アイザック・スターンは音楽界の象徴的存在であるカーネギーホールの取り壊し計画に強い衝撃を受けていました。1960年、ニューヨーク市がこの歴史ある会場を商業ビルに建て替える計画を発表すると、スターンは即座に行動を起こしました。「ここで演奏したチャイコフスキーやブラームスの響きを失うわけにはいかない」と友人に語り、政治家や芸術家たちを説得して回りました。彼は募金活動を組織し、議会で証言し、メディアにも積極的に働きかけました。スターン自身、幼い頃からこのホールに憧れ、デビュー後も数え切れないほど演奏してきた思い出の場所でした。彼の熱意ある活動により、ついにカーネギーホールは市の所有となり、永続的な保存が決定されました。この成功は、一人の音楽家の情熱が歴史を変えた瞬間でした。,REAL,classical_performer_generation,2025-12-14T20:25:24.572261
EP-25121420253190298,P038471E,ミドリ,音楽,14,ACHIEVEMENT,あなたと同じ14歳のとき、ミドリはタングルウッド音楽祭で奇跡を起こしました。1986年7月25日、レナード・バーンスタイン指揮ボストン交響楽団との共演でバルトークのヴァイオリン協奏曲第2番を演奏中、突然E線が切れてしまったのです。普通なら演奏を中断するところですが、ミドリは動揺することなく、コンサートマスターからヴァイオリンを借りて演奏を続行。しかし、そのヴァイオリンでも弦が切れてしまいます。彼女は再び冷静に別のヴァイオリンを受け取り、最後まで見事に演奏をやり遂げました。観客は総立ちとなり、この機転と集中力に満ちた対応は音楽界の伝説となりました。小さな体に宿る大きな音楽への情熱と、どんな困難にも屈しない強い精神力が世界中の人々を感動させた瞬間でした。,REAL,classical_performer_generation,2025-12-14T20:25:31.903028
EP-25121420254357935,P8A2F71A,チョン・キョンファ,音楽,22,ACHIEVEMENT,"あなたと同じ22歳のとき、チョン・キョンファはレヴァントリット国際コンクールの舞台で、人生を変える瞬間を迎えていました。韓国出身の若きヴァイオリニストとして、世界最高峰の演奏家たちと競う重圧は計り知れないものでした。しかし、彼女は持ち前の情熱的な表現力と卓越した技術で審査員を魅了し、見事優勝を果たしたのです。

この勝利は単なる賞以上の意味を持っていました。当時まだアジア系音楽家への偏見が根強かった西洋クラシック界において、彼女の優勝は大きな扉を開く象徴的な出来事となりました。表彰台で涙を流しながら、故郷への思いと世界への挑戦への決意を胸に秘めていた彼女。この瞬間から、チョン・キョンファは国際的なヴァイオリニストとしての輝かしいキャリアをスタートさせることになったのです。",REAL,classical_performer_generation,2025-12-14T20:25:43.579395
EP-25121420255095214,PC432AC5,ジョシュア・ベル,音楽,14,ACHIEVEMENT,あなたと同じ14歳のとき、ジョシュア・ベルは人生を変える瞬間を迎えていました。1981年、名門フィラデルフィア管弦楽団との共演が決まったのです。リハーサルでは、世界的な指揮者リッカルド・ムーティの前で緊張のあまり手が震えました。しかし、ヴァイオリンに弦を当てた瞬間、4歳から積み重ねてきた練習の成果が彼の体を通して流れ出しました。本番では、メンデルスゾーンのヴァイオリン協奏曲を演奏。オーケストラの重厚な響きに包まれながら、彼の澄んだ音色が会場を魅了しました。演奏後、聴衆からの温かい拍手を浴びながら、ベルは「音楽で人の心を動かせる」という確信を胸に刻みました。この成功体験が、後の世界的ヴァイオリニストとしての礎となったのです。,REAL,classical_performer_generation,2025-12-14T20:25:50.952176
EP-25121420255799729,P4142CE2,パブロ・カザルス,音楽,36,ACHIEVEMENT,あなたと同じ36歳のとき、パブロ・カザルスは音楽史に残る偉大な決断を下した。1936年、ついにバッハの無伴奏チェロ組曲の録音を開始したのである。実は彼は13歳の時、バルセロナの古楽譜店でこの楽譜を発見し、以来20年以上にわたって毎日練習を重ねていた。しかし、当時この作品は単なる練習曲とみなされ、演奏会で取り上げられることはほとんどなかった。カザルスは「この音楽は人類の宝だ。バッハの魂そのものが宿っている」と確信していたが、録音という永続的な形で残すことには躊躇していた。36歳という円熟期を迎え、ついに勇気を振り絞ってスタジオに向かった。この録音は後に音楽史の金字塔となり、バッハ無伴奏チェロ組曲を世界的名作へと押し上げることとなった。,REAL,classical_performer_generation,2025-12-14T20:25:57.997339
EP-25121420260732409,P4142CE2,パブロ・カザルス,音楽,81,ACHIEVEMENT,あなたと同じ81歳のとき、パブロ・カザルスは「私はスペイン人である前に人間なのです」と語り、ホワイトハウスでチェロを奏でていました。1961年11月13日、ケネディ大統領夫妻主催の晩餐会への出演依頼を受けた際、カザルスは当初躊躇しました。スペイン内戦後の亡命生活が続く中、政治的な場への参加に複雑な思いを抱いていたのです。しかし、芸術の力で平和を訴える機会と捉え直し、演奏を決意します。当日、東の間で披露したのは故郷カタルーニャの民謡「鳥の歌」。「鳥たちは空でピース、ピース、ピースと鳴いている」と語りかけ、祖国への想いと平和への願いを込めて弓を動かしました。聴衆は静寂に包まれ、ケネディ大統領も深く感動した様子でした。81歳の巨匠にとって、音楽を通じた最も意義深い政治的メッセージの瞬間となったのです。,REAL,classical_performer_generation,2025-12-14T20:26:07.324137
EP-25121420261562587,P8CDFDAD,ムスティスラフ・ロストロポーヴィチ,音楽,47,ACHIEVEMENT,あなたと同じ47歳のとき、ムスティスラフ・ロストロポーヴィチは人生最大の決断を迫られていました。1974年、ソビエト連邦を離れることを選択したのです。きっかけは反体制作家ソルジェニーツィンを自宅にかくまったことでした。当局からの圧力が日増しに強まり、演奏活動も制限される中、妻のガリーナ・ヴィシネフスカヤと共に西側への亡命を決意しました。モスクワの空港で最後に祖国の土を踏みしめたとき、彼の心は複雑でした。世界的なチェリストとしての名声を築いた故郷を離れる悲しみと、自由な表現活動への希望が交錯していました。「音楽に国境はない」と信じる彼にとって、この選択は芸術家としての良心を貫くための避けられない道だったのです。,REAL,classical_performer_generation,2025-12-14T20:26:15.626012
EP-25121420262227470,P5936EF1,ジャクリーヌ・デュ・プレ,音楽,20,ACHIEVEMENT,あなたと同じ20歳のとき、ジャクリーヌ・デュ・プレは音楽史に残る奇跡を成し遂げていました。1965年、エルガーのチェロ協奏曲の録音セッションで、彼女は驚くべき集中力を発揮しました。指揮者バルビローリとの息の合った演奏は、まるで作曲家エルガー自身の魂が乗り移ったかのようでした。録音中、彼女は涙を流しながら演奏していたと言われています。それは技術的な完璧さを超えた、純粋な感情の表現でした。この録音は発売と同時に世界中の音楽愛好家を魅了し、今もなお「最高の演奏」として語り継がれています。彼女は後に「あの時、音楽が私を通して語りかけていた」と振り返りました。20歳という若さで、すでに音楽界の頂点に立っていた天才の、輝かしい瞬間でした。,REAL,classical_performer_generation,2025-12-14T20:26:22.274744
EP-25121420263024177,P4B0C3C0,ヨーヨー・マ,音楽,7,ACHIEVEMENT,"あなたと同じ7歳のとき、ヨーヨー・マは1962年、ワシントンD.C.のケネディ・センターでケネディ大統領の前で演奏する機会を得ました。小さな体に大きなチェロを抱えた少年は、緊張で手が震えていたといいます。しかし、弓を弦に当てた瞬間、彼の音楽への純粋な愛情が会場を包みました。

演奏後、ケネディ大統領が「素晴らしい演奏だった」と声をかけると、ヨーヨー・マは「ありがとうございます、大統領」と丁寧にお辞儀をしました。この時、彼の心には「音楽で人を幸せにできる」という確信が芽生えたのです。父親は後に「あの日、息子の目が輝いていた。音楽家として生きていく決意を感じた」と振り返っています。この歴史的な瞬間が、後の世界的チェリストとしての歩みの原点となりました。",REAL,classical_performer_generation,2025-12-14T20:26:30.241815
EP-25121420263782355,P4B0C3C0,ヨーヨー・マ,音楽,44,ACHIEVEMENT,"あなたと同じ44歳のとき、ヨーヨー・マは音楽の新たな可能性を求めて「シルクロード・プロジェクト」を立ち上げました。既に世界的チェリストとして名声を得ていた彼は、西洋クラシック音楽の枠を超えた表現を模索していました。

ある日、古代シルクロードの地図を眺めながら、彼は閃きました。「文化が交差するこの道で、音楽も出会えるはずだ」と。中国系アメリカ人として東西の文化に触れて育った自身の経験が、このプロジェクトの原動力となったのです。

プロジェクトでは、中央アジアの伝統楽器奏者、インドの古典音楽家、イランの詩人など、多様な文化背景を持つアーティストたちと共演しました。初回の録音セッションで、異なる音楽言語が調和する瞬間を体験した彼は、涙を流しながら「これが僕の求めていた音楽だ」と語ったといいます。",REAL,classical_performer_generation,2025-12-14T20:26:37.823592
EP-25121420264587121,PB27BB35,アンドレス・セゴビア,音楽,24,ACHIEVEMENT,"あなたと同じ24歳のとき、アンドレス・セゴビアは1924年、音楽の都パリで運命的なデビューを果たしていました。当時、ギターは酒場の楽器として軽視されていた中、セゴビアは一人でその偏見と闘っていました。

パリの小さなホールでの初リサイタル当日、彼は楽屋で震える手を見つめながら「今日がギターの未来を決める日だ」と自分に言い聞かせました。舞台に立つと、聴衆の懐疑的な視線を感じましたが、バッハの「シャコンヌ」を弾き始めると、会場は静寂に包まれました。

演奏後の拍手は雷鳴のように響き、批評家たちは「ギターが真の芸術楽器になった瞬間を目撃した」と絶賛しました。この成功により、セゴビアはクラシックギター界の扉を世界に向けて開いたのです。24歳の青年の情熱と信念が、楽器の歴史を変えた記念すべき夜でした。",REAL,classical_performer_generation,2025-12-14T20:26:45.871252
EP-25121420265365669,PB27BB35,アンドレス・セゴビア,音楽,90,ACHIEVEMENT,"あなたと同じ90歳のとき、アンドレス・セゴビアは1987年6月、生涯最後となる公演をマドリードで行いました。舞台袖で愛用のギターを抱えながら、70年間のキャリアを振り返っていた彼の手は、もはや若い頃のような俊敏さはありませんでした。しかし、観客席から聞こえる期待に満ちた静寂に包まれると、彼の目に再び情熱の炎が宿りました。

演奏が始まると、指先から紡ぎ出される音色は、年齢を感じさせない深みと温かさに満ちていました。バッハの「シャコンヌ」を弾きながら、彼は「ギターを単なる楽器から芸術に昇華させた」という自身の使命を果たしたことを実感していました。演奏後の万雷の拍手の中、セゴビアは静かに微笑み、ギターと共に歩んだ人生への感謝を胸に、ゆっくりと舞台を後にしたのです。",REAL,classical_performer_generation,2025-12-14T20:26:53.656735
EP-25121420270154398,P9702B7B,ジャン＝ピエール・ランパル,音楽,30,ACHIEVEMENT,あなたと同じ30歳のとき、ジャン＝ピエール・ランパルは人生の重要な決断に直面していました。1952年、パリ・オペラ座管弦楽団の安定した首席フルート奏者の地位を捨て、ソリストとして独立することを決意したのです。医師だった父からは猛反対を受け、「音楽では食べていけない」と警告されました。しかし、ランパルは内なる声に従いました。独立後の最初のリサイタルで、彼は手が震えるほど緊張していたといいます。しかし、フルートを唇に当てた瞬間、すべての不安が消え去りました。その美しい音色は聴衆を魅了し、終演後には長いスタンディングオベーションが続きました。楽屋で一人になった時、彼は静かに涙を流しながら「これが僕の道だ」と呟いたのでした。この勇気ある決断が、後にフルート界の巨匠としての輝かしいキャリアの出発点となったのです。,REAL,classical_performer_generation,2025-12-14T20:27:01.544035
EP-25121420271111322,P4941C66,マリア・カラス,音楽,24,ACHIEVEMENT,"あなたと同じ24歳のとき、マリア・カラスは人生を変える舞台に立っていました。1947年8月2日、ヴェローナの古代円形劇場アレーナでの『ラ・ジョコンダ』デビュー公演の夜、彼女は楽屋で震える手を押さえていました。2万人の観客を前にする重圧と、これまでの苦しい下積み時代への想いが交錯していたのです。

戦時中のギリシャで過ごした貧困と飢えの日々、母との確執、そして音楽への情熱だけを支えに歩んできた道のり。すべてがこの瞬間のためだったと彼女は自分に言い聞かせました。

幕が上がると、彼女の力強く美しい声が夜空に響き渡りました。観客は総立ちとなり、喝采は10分間続いたといいます。この夜、単なる歌手ではなく、後に「プリマドンナ・アッソルータ」と呼ばれる伝説の歌姫マリア・カラスが誕生したのです。",REAL,classical_performer_generation,2025-12-14T20:27:11.113257
EP-25121420271807309,P4941C66,マリア・カラス,音楽,35,ACHIEVEMENT,"あなたと同じ35歳のとき、マリア・カラスは音楽界で最も激しい論争の渦中にいました。1958年、メトロポリタン歌劇場との確執が頂点に達したのです。ルドルフ・ビングとの契約交渉で、カラスは自分の芸術的理想を貫こうとしました。彼女は単なる人気歌手ではなく、真の芸術家として認められることを強く望んでいたのです。

しかし、劇場側との意見対立は深刻化し、ついにメット歌劇場から事実上の追放処分を受けることになりました。この出来事はカラスにとって大きな痛手でしたが、同時に自分の信念を曲げない強い意志を示した瞬間でもありました。後に彼女は「芸術に妥協はない」と語り、この経験が彼女をより偉大な芸術家へと成長させる転機となったのです。",REAL,classical_performer_generation,2025-12-14T20:27:18.073128
EP-25121420272660074,PB093F64,ルチアーノ・パヴァロッティ,音楽,26,ACHIEVEMENT,あなたと同じ26歳のとき、ルチアーノ・パヴァロッティは世界最高峰のオペラハウス、ミラノ・スカラ座の舞台に立っていました。1961年、プッチーニの『ラ・ボエーム』でロドルフォ役を演じた彼は、開幕前の楽屋で激しく震えていました。父親は小さなパン屋を営む庶民の家庭出身の青年にとって、貴族や著名人が集うスカラ座は別世界でした。しかし、第一声を発した瞬間、その豊かで力強い声は聴衆を魅了し、カーテンコールでは万雷の拍手が鳴り響きました。公演後、興奮冷めやらぬまま故郷モデナの両親に電話をかけた彼は、「お父さん、僕はやったよ！」と涙声で報告しました。この成功が、後に「キング・オブ・ハイC」と呼ばれる偉大なテノール歌手への第一歩となったのです。,REAL,classical_performer_generation,2025-12-14T20:27:26.600774
EP-25121420273563883,PB093F64,ルチアーノ・パヴァロッティ,音楽,55,ACHIEVEMENT,"あなたと同じ55歳のとき、ルチアーノ・パヴァロッティは人生最大の挑戦に直面していました。1990年7月7日、イタリア・サッカーワールドカップ決勝の前夜、ローマのカラカラ浴場跡でホセ・カレーラス、プラシド・ドミンゴとともに「三大テノール・コンサート」を開催したのです。

当初、この企画は単なる慈善コンサートでした。しかし、世界中に生中継されると、クラシック音楽の歴史を変える瞬間となりました。パヴァロッティは「ネッスン・ドルマ」を歌い上げながら、オペラを特権階級のものから万人のものへと解放する使命を感じていました。汗を拭う白いハンカチを振りながら、彼は心の中でこう思ったといいます。「音楽に国境はない。今夜、我々は世界を一つにするのだ」と。このコンサートは10億人が視聴し、クラシック音楽界に革命をもたらしました。",REAL,classical_performer_generation,2025-12-14T20:27:35.638874
EP-25121420274417622,P30936DC,プラシド・ドミンゴ,音楽,50,ACHIEVEMENT,"あなたと同じ50歳のとき、プラシド・ドミンゴは音楽史に残る奇跡を創造していました。1990年7月7日、ワールドカップ決勝前夜のローマで開催された三大テノール・コンサートで、パヴァロッティ、カレーラスと共に古代浴場跡に立った時、彼の心は高鳴っていました。

リハーサル中、三人は互いの声を聞き合いながら、競争心と友情が入り混じった複雑な感情を抱いていました。ドミンゴは後に「あの夜、私たちは個人を超越し、音楽そのものになった」と振り返っています。コンサート当日、60億人が視聴する中で歌った「乾杯の歌」では、三つの声が完璧に調和し、クラシック音楽を世界中の人々に届ける歴史的瞬間となりました。この成功により、ドミンゴは単なるオペラ歌手から文化の架け橋へと進化を遂げたのです。",REAL,classical_performer_generation,2025-12-14T20:27:44.176260
EP-25121420275242000,P30936DC,プラシド・ドミンゴ,音楽,75,ACHIEVEMENT,あなたと同じ75歳のとき、プラシド・ドミンゴは音楽人生の新たな扉を開いていました。2016年、ロンドンのロイヤル・オペラハウスで『シモン・ボッカネグラ』のタイトルロールを歌った彼は、前年に決断したテノールからバリトンへの転向を成功させていました。50年以上テノールとして世界の舞台を魅了してきた彼にとって、この挑戦は大きな賭けでした。「新しい声域での表現は、まるで異なる楽器を演奏するようだった」と後に語っています。リハーサルでは若い歌手たちと真摯に向き合い、自らの経験を惜しみなく伝える姿が印象的でした。年齢を重ねても変化を恐れず、音楽への情熱を燃やし続ける彼の姿は、多くの人々に勇気を与えました。この転向により、彼の芸術的な幅はさらに広がったのです。,REAL,classical_performer_generation,2025-12-14T20:27:52.420037
EP-25121420280110836,PD109328,エンリコ・カルーソー,音楽,30,ACHIEVEMENT,"あなたと同じ30歳のとき、エンリコ・カルーソーはニューヨークのメトロポリタン歌劇場の舞台に立っていました。1903年11月23日、『リゴレット』のマントヴァ公爵役でのアメリカデビューの夜、彼の心は不安と期待で高鳴っていました。すでにヨーロッパでは名声を得ていたものの、厳格なニューヨークの聴衆を前にした緊張は格別でした。

幕が上がると、彼の豊かで力強いテノール声が劇場全体を包み込みました。特に第3幕の「女心の歌」では、観客席から割れんばかりの拍手が湧き起こりました。公演後、批評家たちは「黄金の声を持つ男」と絶賛し、翌朝の新聞は彼の成功を大きく報じました。この夜を境に、カルーソーはアメリカ音楽界の寵児となり、その後18年間メットの看板歌手として君臨することになったのです。",REAL,classical_performer_generation,2025-12-14T20:28:01.108398
EP-25121420281029962,P9545ABB,ジョーン・サザーランド,音楽,33,ACHIEVEMENT,"あなたと同じ33歳のとき、ジョーン・サザーランドは運命を変える舞台に立っていました。1959年2月17日、コヴェント・ガーデン王立歌劇場での「ランメルモールのルチア」公演。長らく忘れ去られていたこのドニゼッティの傑作を復活させる重責を担った彼女は、リハーサル中も不安と闘っていました。

夫で指揮者のリチャード・ボニングの励ましを受けながら、サザーランドは自身の驚異的な声域と技巧を信じて舞台へ。狂乱の場での超絶的なコロラトゥーラが会場を圧倒し、観客は総立ちで喝采を送りました。この一夜で彼女は世界的プリマドンナへの階段を駆け上がり、ベルカント・オペラ復興の立役者として音楽史にその名を刻んだのです。一人のオーストラリア出身の歌手が、クラシック音楽界の歴史を塗り替えた瞬間でした。",REAL,classical_performer_generation,2025-12-14T20:28:10.299672
EP-25121420281797483,PFE4DFAC,レナータ・テバルディ,音楽,30,ACHIEVEMENT,あなたと同じ30歳のとき、レナータ・テバルディは1955年1月31日、ついにメトロポリタン歌劇場の舞台に立っていました。演目はヴェルディの『椿姫』のヴィオレッタ役。リハーサル中、彼女は母国イタリアでの成功にも関わらず、世界最高峰とされるメトの聴衆を前に深い緊張を感じていました。しかし、第一幕の「乾杯の歌」が始まると、持ち前の豊かで温かみのある声が劇場全体を包み込みました。公演後、観客は総立ちとなり、10分間にわたる拍手が鳴り止みませんでした。楽屋で涙を流した彼女は後に「あの夜、私は真の国際的歌手として生まれ変わった」と語っています。この成功により、彼女は以後メトの看板ソプラノとして君臨することになったのです。,REAL,classical_performer_generation,2025-12-14T20:28:17.974872
EP-25121420282566394,PD4A5505,ジェシー・ノーマン,音楽,44,ACHIEVEMENT,あなたと同じ44歳のとき、ジェシー・ノーマンは人生最大の舞台に立っていました。1989年7月14日、フランス革命200周年記念式典で、彼女はパリのコンコルド広場でフランス国歌「ラ・マルセイエーズ」を独唱したのです。世界中から10億人が見守る中、トリコロールを模したイブ・サンローランのマントに身を包み、圧倒的な歌声で会場を魅了しました。しかし、この栄光の舞台までの道のりは決して平坦ではありませんでした。アメリカ南部出身の黒人女性として、偏見と闘いながらヨーロッパで実力を認められた彼女にとって、自由・平等・博愛を掲げるフランス革命の理念を歌うことは特別な意味を持っていました。この瞬間、彼女は単なる歌手を超越し、人類の尊厳と希望の象徴となったのです。,REAL,classical_performer_generation,2025-12-14T20:28:25.664086
EP-25121420283369044,P8757788,モンセラート・カバリェ,音楽,52,ACHIEVEMENT,あなたと同じ52歳のとき、モンセラート・カバリェは音楽史に残る奇跡的なコラボレーションを実現していました。1987年、ロックの帝王フレディ・マーキュリーから「バルセロナ」での共演依頼を受けた時、オペラ界の重鎮である彼女は躊躇しませんでした。「音楽に境界はない」という信念のもと、ロンドンのスタジオでフレディと向き合った彼女は、彼の並外れた音楽的才能に深く感動しました。収録中、フレディが彼女の名前を「モンセラー」と美しく歌い上げる瞬間、カバリェの目には涙が浮かんだといいます。「彼は真のアーティストよ」と後に語った彼女にとって、この共演はオペラとロックの垣根を越えた芸術の真髄を体現する経験でした。バルセロナ五輪のテーマソングとなったこの楽曲は、彼女の柔軟性と音楽への純粋な愛を世界に示しました。,REAL,classical_performer_generation,2025-12-14T20:28:33.690478
EP-25121420284289656,P90B0B63,ビルギット・ニルソン,音楽,41,ACHIEVEMENT,"あなたと同じ41歳のとき、ビルギット・ニルソンは人生最大の挑戦に立ち向かっていました。1959年、バイロイト音楽祭でイゾルデを歌うという栄誉を得た彼女でしたが、その重圧は想像を絶するものでした。

リハーサル初日、指揮者から「もっと情熱的に」と要求された時、ニルソンは一瞬言葉を失いました。スウェーデンの控えめな気質の中で育った彼女にとって、ワーグナーの激情的な音楽を表現することは技術以上に心の壁との戦いでした。

その夜、宿舎で一人楽譜と向き合いながら、彼女は自分の内なる炎を見つめ直しました。「私は私のイゾルデを歌おう」と決意した瞬間、それまでの不安が消え、代わりに静かな確信が生まれました。本番では、彼女の透明感のある強靭な声が劇場を満たし、観客は総立ちとなりました。この成功により、ニルソンはワーグナー歌手としての地位を確立し、世界的なソプラノへの道を歩み始めたのです。",REAL,classical_performer_generation,2025-12-14T20:28:42.896603
EP-25121420285098112,P9FD0EAE,チェチーリア・バルトリ,音楽,24,ACHIEVEMENT,"あなたと同じ24歳のとき、チェチーリア・バルトリは人生を変える録音に挑んでいました。1990年、デッカ・レコードから発売された「モーツァルトアリア集」は、彼女の豊かなメゾソプラノの魅力を世界に知らしめることとなります。

録音セッションでは、完璧主義者の彼女が何度もテイクを重ね、プロデューサーを驚かせました。特に「フィガロの結婚」のケルビーノのアリアでは、少年の純粋な恋心を表現するため、声の色彩を微細に調整し続けました。

「モーツァルトの音楽には嘘がつけない」と語っていた通り、彼女の歌声は技巧を超えた深い音楽性に満ちていました。このアルバムの大成功により、バルトリは一躍国際的なスターとなり、クラシック界の新星として注目を集めることになったのです。",REAL,classical_performer_generation,2025-12-14T20:28:50.981159
EP-25121420285888213,PABB0A72,ディートリヒ・フィッシャー＝ディースカウ,音楽,26,ACHIEVEMENT,"あなたと同じ26歳のとき、ディートリヒ・フィッシャー＝ディースカウは音楽史に残る偉大な挑戦を始めました。1951年、彼はシューベルトの歌曲全集の録音という前人未到のプロジェクトに着手したのです。

戦後間もない時期、まだ若手歌手だった彼は、レコード会社からの提案に最初は戸惑いました。シューベルトの600曲を超える歌曲すべてを録音するなど、誰も成し遂げたことのない偉業だったからです。しかし、捕虜収容所で歌い続けた経験が彼の心に宿した「歌への純粋な愛」が背中を押しました。

録音開始の日、スタジオで楽譜を前にした彼は、一つひとつの歌曲に込められたシューベルトの魂と対話するように歌いました。この壮大な旅路は30年以上続き、ドイツ・リートの金字塔となったのです。",REAL,classical_performer_generation,2025-12-14T20:28:58.882170
EP-25121420290654446,PBE7884C,ブリン・ターフェル,音楽,28,ACHIEVEMENT,あなたと同じ28歳のとき、ブリン・ターフェルはグラミー賞を受賞し、オペラ界の新星として注目を集めていました。ウェールズの小さな町で育った青年が、世界最高峰の音楽賞を手にしたのです。受賞作品はワーグナーの楽劇でしたが、彼は授賞式で「故郷の言葉であるウェールズ語の歌も大切にしたい」と語りました。実際、彼はこの頃からウェールズの伝統音楽とクラシックを融合させた独自のスタイルを模索し始めます。深く豊かなバス・バリトンの声は、既に多くの聴衆を魅了していましたが、彼自身は「まだ声の可能性を探っている段階」と謙虚に語っていました。この若き日の探究心が、後に彼を世界屈指のオペラ歌手へと押し上げる原動力となったのです。,REAL,classical_performer_generation,2025-12-14T20:29:06.544511
EP-25121420291502372,PB79B49A,ヨナス・カウフマン,音楽,37,ACHIEVEMENT,"あなたと同じ37歳のとき、ヨナス・カウフマンは人生最大の転機を迎えていました。2006年、メトロポリタン歌劇場でのローエングリン公演への出演が決まったのです。ドイツ系テノールとして国際舞台への扉が開かれる瞬間でした。

初日を控えた楽屋で、彼は鏡に映る自分を見つめながら深呼吸を繰り返していました。「これまでの全てがこの瞬間のためだった」と心の中でつぶやきます。幼少期からの厳格な音楽教育、数々の小劇場での下積み時代、そして家族の支えを思い返しました。

舞台袖で出番を待つ間、彼の心臓は高鳴っていましたが、同時に不思議な安らぎも感じていました。この日の成功が、後に「世界最高峰のヘルデンテノール」と称される輝かしいキャリアの礎となることを、この時の彼はまだ知る由もありませんでした。",REAL,classical_performer_generation,2025-12-14T20:29:15.023760
