﻿episode_id,person_id,person_name,episode_count,age,category,char_count,episode_text,episode_type,fact_check_result,group_name,is_group_member,person_type,quality_score,slot,source,tier,week,work_title,generation_timestamp,fame_tier,wikipedia_ja,textbook,award_level,notoriety,fame_score,composite_score,fame_score_updated_at,episode_fame_tier,episode_fame_score,episode_fame_score_updated_at,人生の節目タグ,記憶性スコア,共感性スコア,意外性スコア,生成品質スコア,教育的価値,ストーリー品質,事実密度,category_original,episode_importance_score,is_highlight,highlight_rank,highlight_selection_method,事実密度_float,priority_score,impressiveness_score,年代,episode_fame_score_original,教育的価値_original,ストーリー品質_original,事実密度_original,episode_id_original,surprise_score,name_raw,title,affiliation,display_name_original,generated_at,last_modified
,PF960CF9,ASKA,,50,音楽,307,あなたと同じ50歳のとき、ASKAは音楽活動30周年を迎え、CHAGE and ASKAとしての長年の経験を踏まえながら、ソロ活動でも新たな音楽的境地を開拓していました。この時期、彼は単なるヒットメーカーとしてだけでなく、楽曲制作の全工程を自ら手がけるプロデューサーとしての力量を発揮していました。デビュー以来培ってきた作詞・作曲技術に加え、最新のデジタル機材を駆使したレコーディング手法を積極的に取り入れ、若手ミュージシャンとのコラボレーションにも意欲的でした。長年の音楽活動で培った「言葉と旋律の融合」という独自の哲学は、この年代でさらに深化し、後進のアーティストたちに大きな影響を与える存在となっていました。,ACHIEVEMENT,,,False,REAL,,,LLM_GENERATED,,,,2025-12-16 21:35:16,,,,,,7.0,87.14285714285714,,,7.0,,熟練期の深化,9.0,8.0,8.5,9.0,8.5,9.0,9.0,音楽,,,,,,,,50代,,,,,,,,,,,,
,P78E040F,Activision・Bobby Kotick,,58,アニメ・漫画・ゲーム,315,あなたと同じ58歳のとき、Activision・Bobby Kotickは、2021年にActivision Blizzardのセクハラ問題という企業史上最大の危機に直面していました。30年以上CEOとして業界を牽引し、同社を世界最大級のゲーム企業へと成長させてきた彼は、この困難な局面で企業文化の抜本的改革に取り組みました。長年の経営経験を活かし、社内調査の透明性確保や職場環境改善のための具体的施策を打ち出し、株主や従業員との対話を重ねました。この時期は、単なる利益追求だけでなく、企業の社会的責任と持続可能な組織づくりの重要性を示す転換点となり、後進のゲーム業界経営者たちに、危機管理と企業統治の教訓を残すこととなりました。,ACHIEVEMENT,,,False,REAL,,,LLM_GENERATED,,,,2025-12-16 21:35:24,,,,,,7.0,87.14285714285714,,,7.0,,熟練期の深化,9.0,8.0,8.5,9.0,8.5,9.0,9.0,アニメ・漫画・ゲーム,,,,,,,,50代,,,,,,,,,,,,
,P8E1E83F,B.F.スキナー,,50,科学・技術,312,あなたと同じ50歳のとき、B.F.スキナーは1954年、ハーバード大学で行動心理学の研究と教育に邁進していました。この時期、彼は「オペラント条件づけ」理論を完成させ、スキナー箱を用いた実験データを蓄積しながら、後進の研究者たちを熱心に指導していました。長年の研究成果は教育分野への応用へと発展し、プログラム学習の理論的基盤を構築。学習者が自分のペースで段階的に学べる教育システムの開発に取り組みました。この年代には、行動分析学の第一人者として国際的な評価を確立し、心理学の新しい地平を切り開いていました。彼の研究室からは多くの優秀な研究者が巣立ち、行動心理学は世界中の大学で教えられる主要な学問分野へと成長していったのです。,ACHIEVEMENT,,,False,REAL,,,LLM_GENERATED,,,,2025-12-16 21:35:32,,,,,,7.0,87.14285714285714,,,7.0,,熟練期の深化,9.0,8.0,8.5,9.0,8.5,9.0,9.0,科学・技術,,,,,,,,50代,,,,,,,,,,,,
,P71A0413,Bethesda・Todd Howard,,52,アニメ・漫画・ゲーム,317,あなたと同じ52歳のとき、Bethesda・Todd Howardは『Starfield』の開発を指揮し、25年以上のゲーム開発経験の集大成に挑んでいました。この新規IPは、『The Elder Scrolls』や『Fallout』シリーズで培った世界構築の技術を宇宙という新たな舞台で展開する野心的なプロジェクトでした。彼は若手開発者たちに「プレイヤーの選択の自由」という創作哲学を伝えながら、最新技術と伝統的なRPG設計の融合を追求しました。長年の経験から得た「完璧を目指すより、プレイヤーが物語を紡げる余白を残すこと」という知見を、次世代のクリエイターたちと共有する姿勢は、ゲーム業界における指導者としての成熟を示していました。,ACHIEVEMENT,,,False,REAL,,,LLM_GENERATED,,,,2025-12-16 21:35:40,,,,,,7.0,87.14285714285714,,,7.0,,熟練期の深化,9.0,8.0,8.5,9.0,8.5,9.0,9.0,アニメ・漫画・ゲーム,,,,,,,,50代,,,,,,,,,,,,
,PE81E084,J・R・R・トールキン,,50,文学,315,あなたと同じ50歳のとき、J・R・R・トールキンは『指輪物語』の執筆に没頭していました。1942年、オックスフォード大学教授として古英語を教えながら、夜な夜な机に向かい、中つ国の壮大な物語を紡ぎ続けていたのです。20年近く前に息子たちのために書いた『ホビットの冒険』の続編として始まったこの作品は、彼の言語学者としての深い知識と創造性が結実した大作へと成長していきました。戦時下のイギリスで、教鞭をとりながら創作を続ける日々は困難を極めましたが、長年培った古代語への造詣が、エルフ語をはじめとする架空言語の創造という独自の境地を開きました。この時期の地道な執筆作業が、後に20世紀最高のファンタジー文学を生み出す礎となったのです。,ACHIEVEMENT,,,False,REAL,,,LLM_GENERATED,,,,2025-12-16 21:35:50,,,,,,7.0,87.14285714285714,,,7.0,,熟練期の深化,9.0,8.0,8.5,9.0,8.5,9.0,9.0,文学,,,,,,,,50代,,,,,,,,,,,,
,P7B33F04,Mr.マリック,,50,エンターテイメント,311,あなたと同じ50歳のとき、Mr.マリックは超魔術ブームの頂点を極めていました。1994年、テレビ番組「マジカル頭脳パワー!!」での「ハンドパワー」や「きてます」という独特の演出が社会現象となり、子どもから大人まで誰もがマジックに熱狂する時代を創り出していました。この時期、彼は従来の種明かしを前提としたマジックではなく、「超魔術」という新ジャンルを確立。不思議さと演出を融合させた独自のスタイルで、マジック界に革命をもたらしました。長年のキャリアで培った技術と、時代の空気を読む感性が結実した瞬間でした。彼の成功は後進のマジシャンたちに、技術だけでなくキャラクター性とエンターテイメント性の重要性を示す道標となったのです。,ACHIEVEMENT,,,False,REAL,,,LLM_GENERATED,,,,2025-12-16 21:35:59,,,,,,7.0,87.14285714285714,,,7.0,,熟練期の深化,9.0,8.0,8.5,9.0,8.5,9.0,9.0,エンターテイメント,,,,,,,,50代,,,,,,,,,,,,
,P0A11058,Rintaro,,50,アニメ・漫画・ゲーム,313,あなたと同じ50歳のとき、Rintaroは日本のアニメーション業界において、演出家として円熟の境地を迎えていました。1963年の虫プロダクション設立メンバーとして手塚治虫のもとで研鑽を積み、『鉄腕アトム』や『ジャングル大帝』などの名作に携わってきた経験を活かし、この時期には自らの演出スタイルを確立していました。長年培った映像表現の技術と物語構成力を後進のアニメーターたちに惜しみなく伝え、日本アニメの黄金期を支える重要な役割を果たしていました。特に限られた予算と時間の中で質の高い作品を生み出す工夫や、キャラクターに命を吹き込む演出技法は、多くの若手クリエイターたちの指針となり、日本のアニメ文化の発展に大きく貢献しました。,ACHIEVEMENT,,,False,REAL,,,LLM_GENERATED,,,,2025-12-16 21:36:08,,,,,,7.0,87.14285714285714,,,7.0,,熟練期の深化,9.0,8.0,8.5,9.0,8.5,9.0,9.0,アニメ・漫画・ゲーム,,,,,,,,50代,,,,,,,,,,,,
,PBD4A345,Robert Davis,,52,科学・技術,331,あなたと同じ52歳のとき、Robert Davisは潜水医学の分野で画期的な研究成果を発表していました。海軍潜水士の減圧症研究に長年携わってきた彼は、この年、安全な潜水プロトコルの改良に関する重要な論文を完成させました。特筆すべきは、若手研究者たちとの共同研究を通じて、従来の理論に新しい視点を加えたことです。彼は研究室で後進を指導しながら、「データは嘘をつかない。しかし解釈には経験が必要だ」と常に語り、科学的厳密性と実践的知恵の両立を説きました。この時期の彼の研究は、その後の潜水安全基準の国際的な見直しに大きな影響を与え、多くの潜水士の命を守る礎となりました。専門性の極致に達した研究者が、知識の継承にも心を砕く姿勢は、多くの若手科学者の模範となりました。,ACHIEVEMENT,,,False,REAL,,,LLM_GENERATED,,,,2025-12-16 21:36:17,,,,,,7.0,87.14285714285714,,,7.0,,熟練期の深化,9.0,8.0,8.5,9.0,8.5,9.0,9.0,科学・技術,,,,,,,,50代,,,,,,,,,,,,
,P860DD8A,Thomas White,,50,科学・技術,309,あなたと同じ50歳のとき、Thomas Whiteは長年の研究成果を次世代に継承することに情熱を注いでいました。彼は若手研究者たちとの共同プロジェクトを積極的に推進し、自身が築き上げてきた理論的枠組みを実践的な応用へと発展させる指導を行っていました。この時期、彼は専門分野における深い洞察と、幅広い視野を融合させた新しいアプローチを確立し、学会での講演では「経験と革新の調和」を強調しました。また、研究室では毎週のセミナーを主催し、若手に対して失敗を恐れず挑戦することの重要性を説き続けました。彼の指導を受けた研究者たちは、後に各分野で重要な貢献を果たすこととなり、Whiteの教育者としての手腕が高く評価されました。,ACHIEVEMENT,,,False,REAL,,,LLM_GENERATED,,,,2025-12-16 21:36:24,,,,,,7.0,87.14285714285714,,,7.0,,熟練期の深化,9.0,8.0,8.5,9.0,8.5,9.0,9.0,科学・技術,,,,,,,,50代,,,,,,,,,,,,
,P701305F,Valve・Gabe Newell,,51,アニメ・漫画・ゲーム,352,あなたと同じ51歳のとき、Valve・Gabe Newellは『Portal 2』のリリースに向けて最終調整を行っていました。2013年頃、彼は単なる経営者ではなく、ゲーム業界の革新者として、Steamプラットフォームの進化に注力していました。この時期、彼は「フラットな組織構造」という独自の経営哲学を深化させ、社員が自由にプロジェクトを選択できる環境を徹底。長年の経験から「創造性は管理ではなく自由から生まれる」という信念を実践し、若い開発者たちに意思決定の権限を委ねました。また、PC gaming市場の未来を見据え、Steamのコミュニティ機能やワークショップを拡充。この年代特有の俯瞰的視点で、単なる販売プラットフォームを超えた、クリエイターとプレイヤーが共創する生態系の構築に尽力していました。,ACHIEVEMENT,,,False,REAL,,,LLM_GENERATED,,,,2025-12-16 21:36:33,,,,,,7.0,87.14285714285714,,,7.0,,熟練期の深化,9.0,8.0,8.5,9.0,8.5,9.0,9.0,アニメ・漫画・ゲーム,,,,,,,,50代,,,,,,,,,,,,
,P1B7ED27,ufotable・近藤光,,54,アニメ・漫画・ゲーム,295,あなたと同じ54歳のとき、ufotable・近藤光は、スタジオ設立から20年以上の経験を積み重ね、『鬼滅の刃』の劇場版『無限列車編』の成功を経て、アニメーション制作における新たな表現の可能性を追求していました。デジタル技術と手描きアニメーションの融合という独自の制作手法を確立し、後進のクリエイターたちに技術と理念を継承する立場にありました。長年培ってきた演出力と、最新技術への探究心を両立させながら、日本のアニメーション業界において独自の地位を築き上げた時期でした。この年代において、創業時から貫いてきた「質の高い映像表現」への情熱は衰えることなく、むしろ深化していったと言えるでしょう。,ACHIEVEMENT,,,False,REAL,,,LLM_GENERATED,,,,2025-12-16 21:36:41,,,,,,7.0,82.14285714285714,,,7.0,,熟練期の深化,8.5,7.5,8.0,8.5,8.0,8.5,8.5,アニメ・漫画・ゲーム,,,,,,,,50代,,,,,,,,,,,,
,PA23F121,さいとうたかを,,50,芸術・文化,285,あなたと同じ50歳のとき、さいとうたかをは劇画工房を率いて『ゴルゴ13』の制作体制を確立していました。1960年代から始めた分業制作システムは、この時期に最も洗練された形となり、背景、効果、仕上げなど各分野の専門スタッフが協働する体制が完成していました。彼は「漫画は一人で描くもの」という常識を覆し、映画のような集団制作を実現。自らはストーリー構成と演出に専念し、若手アシスタントには技術だけでなく「読者を裏切らないプロの仕事」という哲学を伝え続けました。この制作システムにより『ゴルゴ13』は安定した週刊連載を維持し、後の漫画業界における分業体制の先駆けとなりました。,ACHIEVEMENT,,,False,REAL,,,LLM_GENERATED,,,,2025-12-16 21:36:50,,,,,,7.0,82.14285714285714,,,7.0,,熟練期の深化,8.5,7.5,8.0,8.5,8.0,8.5,8.5,芸術・文化,,,,,,,,50代,,,,,,,,,,,,
,P9AE8D4B,みうらじゅん,,50,エンターテイメント,324,あなたと同じ50歳のとき、みうらじゅんは自身が提唱した「ゆるキャラ」という概念が全国的なブームとなり、その文化的影響力を確立していました。1990年代から独自の視点で「マイブーム」「いやげ物」などの造語を生み出してきた彼は、この時期、長年培ってきた「無用なものに価値を見出す」という独特の美学が社会に広く受け入れられる様子を目の当たりにしました。テレビ出演や著作活動を通じて、一見くだらないものを真剣に楽しむ姿勢の重要性を説き続け、若い世代のクリエイターたちに「既成概念にとらわれない自由な発想」の大切さを伝えていました。仏像鑑賞や親孝行ロックなど、多岐にわたる活動すべてに通底する「遊び心を持った真剣さ」は、この年代でさらに深化を遂げていました。,ACHIEVEMENT,,,False,REAL,,,LLM_GENERATED,,,,2025-12-16 21:37:00,,,,,,7.0,87.14285714285714,,,7.0,,熟練期の深化,9.0,8.0,8.5,9.0,8.5,9.0,9.0,エンターテイメント,,,,,,,,50代,,,,,,,,,,,,
,P377D000,もたいまさこ,,52,映画・演劇,303,あなたと同じ52歳のとき、もたいまさこは女優としての新たな黄金期を迎えていました。2004年、『かもめ食堂』の撮影でフィンランドへ渡り、小林聡美、片桐はいりとともに独特の空気感を持つ作品を創り上げました。長年の演劇経験で培った間の取り方や、セリフに頼らない表現力が、この作品で見事に結実。脚本家としても活動してきた彼女ならではの、言葉の奥にある感情を読み取る力が、サチエという役柄に深みを与えました。この作品は後に多くの若手俳優や映画人に影響を与え、「ゆるやかで丁寧な日常を描く」という新しい映画の潮流を生み出すきっかけとなりました。50代で迎えた円熟期は、演技の可能性を広げる挑戦の時期でもあったのです。,ACHIEVEMENT,,,False,REAL,,,LLM_GENERATED,,,,2025-12-16 21:37:11,,,,,,7.0,87.14285714285714,,,7.0,,熟練期の深化,9.0,8.0,8.5,9.0,8.5,9.0,9.0,映画・演劇,,,,,,,,50代,,,,,,,,,,,,
,P8E2D58A,やなせたかし,,50,アニメ・漫画・ゲーム,311,あなたと同じ50歳のとき、やなせたかしは漫画家として活動を続けながらも、経済的に厳しい状況にありました。1969年当時、三越の宣伝部で働きながら創作活動を続け、絵本や詩、漫画など幅広い分野で地道な仕事を重ねていました。同世代の漫画家たちが成功を収める中、彼は「遅咲き」の道を歩んでいましたが、この時期の苦労が後の作品に深い人間性を与えることになります。生活のために様々な仕事を引き受けながらも、創作への情熱を失わず、子どもたちに本当に必要なものは何かを考え続けました。この時期の経験が、後に「アンパンマン」という正義のヒーロー像を生み出す土台となり、「人を助けることの本質」という普遍的なテーマへとつながっていったのです。,ACHIEVEMENT,,,False,REAL,,,LLM_GENERATED,,,,2025-12-16 21:37:20,,,,,,7.0,87.14285714285714,,,7.0,,熟練期の深化,9.0,8.0,8.5,9.0,8.5,9.0,9.0,アニメ・漫画・ゲーム,,,,,,,,50代,,,,,,,,,,,,
,P7E06F8B,アイザック・バシェビス・シンガー,,51,文学,294,あなたと同じ51歳のとき、アイザック・バシェビス・シンガーは、イディッシュ語作家として国際的な評価を確立しつつありました。1955年、彼の小説『サタン・イン・ゴーレイ』が英訳され、アメリカ文学界で大きな注目を集めました。ポーランド系ユダヤ人として、失われたシュテットル（東欧ユダヤ人居住区）の世界を描き続けることに使命を感じていた彼は、この時期、英語への翻訳を通じて作品の普遍性を追求し始めます。イディッシュ語という少数言語で書きながらも、人間の本質的な葛藤や欲望を描くことで、より広い読者層に届けることに成功しました。長年培った物語技法と、消えゆく文化への深い洞察が結実した時期でした。,ACHIEVEMENT,,,False,REAL,,,LLM_GENERATED,,,,2025-12-16 21:37:29,,,,,,7.0,82.14285714285714,,,7.0,,熟練期の深化,8.5,7.5,8.0,8.5,8.0,8.5,8.5,文学,,,,,,,,50代,,,,,,,,,,,,
,P6CB0422,アイ・ウェイウェイ,,50,芸術・文化,323,あなたと同じ50歳のとき、アイ・ウェイウェイは中国政府による監視と圧力が最も厳しい時期を迎えていました。2008年の四川大地震で倒壊した学校建築の手抜き工事を告発し、犠牲となった子どもたちの名前を記録する市民調査活動を展開。長年培ってきた芸術家としての表現力と、建築家としての専門知識を駆使して、権力の不正を暴く社会活動に身を投じました。ブログやSNSを通じて真実を発信し続け、世界中の若い活動家たちに勇気を与えました。芸術と社会正義を融合させるという新たな境地を切り開き、単なる美術作品の創造を超えて、人権と表現の自由を守る闘いの最前線に立ち続けました。この時期の活動は、後の現代アート界における社会的責任の概念を大きく変えることとなりました。,ACHIEVEMENT,,,False,REAL,,,LLM_GENERATED,,,,2025-12-16 21:37:38,,,,,,7.0,87.14285714285714,,,7.0,,熟練期の深化,9.0,8.0,8.5,9.0,8.5,9.0,9.0,芸術・文化,,,,,,,,50代,,,,,,,,,,,,
,PDF11D1E,アガサ・クリスティ,,50,芸術・文化,297,あなたと同じ50歳のとき、アガサ・クリスティは第二次世界大戦中のロンドンで薬剤師として病院勤務をしながら、『そして誰もいなくなった』や『愛国殺人』など傑作を次々と発表していました。第一次大戦で培った薬学知識は、この時期の作品で毒物トリックとして結実し、推理小説の技法を新たな高みへと押し上げました。戦時下の不安な時代にあっても創作意欲は衰えず、むしろ人間心理への洞察は深まりを見せていました。長年の執筆経験から、読者を欺く巧妙な叙述トリックを完成させ、ミステリー界に革新をもたらしたのです。この時期の作品群は、後の推理作家たちに多大な影響を与え、クリスティの「黄金期」として語り継がれています。,ACHIEVEMENT,,,False,REAL,,,LLM_GENERATED,,,,2025-12-16 21:37:47,,,,,,7.0,82.14285714285714,,,7.0,,熟練期の深化,8.5,7.5,8.0,8.5,8.0,8.5,8.5,芸術・文化,,,,,,,,50代,,,,,,,,,,,,
,PFC3DFFF,アストル・ピアソラ,,51,音楽,274,あなたと同じ51歳のとき、アストル・ピアソラは革新的なタンゴの普及に奔走していました。1972年、彼は五重奏団を率いてヨーロッパと南米を精力的にツアーし、伝統的なタンゴに反発されながらも、クラシックとジャズの要素を融合させた「ヌエボ・タンゴ」の確立に邁進していました。この時期、彼は若手音楽家たちに「タンゴは進化しなければ死ぬ」と説き、伝統への敬意を保ちながらも革新を恐れない姿勢を示しました。長年の批判に耐え抜いた経験から、真の芸術的価値は時代を超えて認められることを確信し、後の世代に新しい音楽表現への挑戦の重要性を身をもって伝えていたのです。,ACHIEVEMENT,,,False,REAL,,,LLM_GENERATED,,,,2025-12-16 21:37:56,,,,,,7.0,82.14285714285714,,,7.0,,熟練期の深化,8.5,7.5,8.0,8.5,8.0,8.5,8.5,音楽,,,,,,,,50代,,,,,,,,,,,,
,PC31A4BC,アダム・スミス,,51,学術・研究,290,あなたと同じ51歳のとき、アダム・スミスは『国富論』出版から8年が経ち、エディンバラで税関長官として働きながら、自身の経済理論が実社会でどう機能するかを観察していました。若き経済学者たちが彼の理論を議論する姿を見守りつつ、スミスは『道徳感情論』の大幅改訂に取り組んでいました。彼は市場メカニズムだけでなく、人間の道徳的基盤こそが健全な経済社会の礎であると確信を深めていたのです。長年の思索の末、「見えざる手」による経済調整と、人間の共感能力に基づく道徳哲学を統合する壮大な構想を練り続けました。この時期、スミスは理論家から、実務経験に裏打ちされた真の賢者へと成熟していったのです。,ACHIEVEMENT,,,False,REAL,,,LLM_GENERATED,,,,2025-12-16 21:38:04,,,,,,7.0,82.14285714285714,,,7.0,,熟練期の深化,8.5,7.5,8.0,8.5,8.0,8.5,8.5,学術・研究,,,,,,,,50代,,,,,,,,,,,,
,PB5E0EB8,アッバス・キアロスタミ,,51,映画・演劇,288,あなたと同じ51歳のとき、アッバス・キアロスタミは映画『桜桃の味』を完成させ、1997年のカンヌ国際映画祭でパルム・ドールを受賞しました。自殺を考える男性が自分を埋葬してくれる人を探す物語は、生と死という普遍的なテーマを独特の視点で描き、イラン映画を世界の頂点へと導きました。長年培ってきたミニマリズムの手法と詩的な映像表現が結実したこの作品で、キアロスタミは国際的な巨匠としての地位を確立。同時に、若手イラン映画監督たちに大きな影響を与え、イラン・ニューウェーブの精神的支柱として後進の育成にも力を注ぎました。この受賞は、長年の実験的な映画作りが世界に認められた瞬間でした。,ACHIEVEMENT,,,False,REAL,,,LLM_GENERATED,,,,2025-12-16 21:38:14,,,,,,7.0,82.14285714285714,,,7.0,,熟練期の深化,8.5,7.5,8.0,8.5,8.0,8.5,8.5,映画・演劇,,,,,,,,50代,,,,,,,,,,,,
,PBF8FD73,アニー・スミス・ペック,,56,探検・冒険,312,あなたと同じ56歳のとき、アニー・スミス・ペックは南米ペルーのワスカラン山（標高6768メートル）の登頂に挑戦していました。1906年、女性登山家としての限界に挑み続けた彼女は、5度目の挑戦でついに北峰の登頂に成功します。この快挙は当時の西半球における女性の最高到達記録となりました。長年培った登山技術と不屈の精神力の結実であり、「女性には危険な登山は不可能」という社会通念を打ち破る象徴的な出来事となりました。彼女はこの経験を講演や執筆を通じて広く伝え、女性の可能性を信じる次世代の冒険家たちに勇気を与え続けました。年齢を重ねてもなお挑戦を続ける姿勢は、専門性の深化とともに社会変革への貢献という新たな境地を開いたのです。,ACHIEVEMENT,,,False,REAL,,,LLM_GENERATED,,,,2025-12-16 21:38:22,,,,,,7.0,87.14285714285714,,,7.0,,熟練期の深化,9.0,8.0,8.5,9.0,8.5,9.0,9.0,探検・冒険,,,,,,,,50代,,,,,,,,,,,,
,P3986A29,アニー・プルー,,55,文学,311,あなたと同じ55歳のとき、アニー・プルーは長年のジャーナリスト生活を経て、初めての短編集『ハート・ソングス』を出版しました。それまで雑誌記事や実用書の執筆で生計を立てながら、3人の息子を育て上げてきた彼女にとって、これは人生の転換点となりました。多くの作家が若くしてデビューする文学界において、彼女は「遅咲き」を恐れず、むしろ長年の人生経験こそが物語に深みを与えると信じていました。ニューイングランドやカナダの厳しい自然環境での生活体験、様々な職業を通じて得た人間観察が、彼女の作品に独特のリアリティをもたらしました。この年齢での文学デビューは、人生のどの段階でも新しい挑戦を始められることを示す希望の物語となったのです。,ACHIEVEMENT,,,False,REAL,,,LLM_GENERATED,,,,2025-12-16 21:38:37,,,,,,7.0,87.14285714285714,,,7.0,,熟練期の深化,9.0,8.0,8.5,9.0,8.5,9.0,9.0,文学,,,,,,,,50代,,,,,,,,,,,,
,P096C603,アバド,,51,音楽,271,あなたと同じ51歳のとき、アバドはベルリン・フィルハーモニー管弦楽団の首席指揮者として、カラヤン時代とは異なる民主的で開かれた音楽づくりを推進していました。1984年から続けていたウィーン国立歌劇場音楽監督との二足のわらじを履きながら、若手音楽家の育成にも情熱を注ぎ、マーラー室内管弦楽団の創設を支援しました。長年培ってきた豊かな解釈力と、楽団員一人ひとりの自主性を尊重する姿勢により、オーケストラから新鮮で生き生きとした響きを引き出すことに成功。この時期、現代音楽の紹介にも積極的に取り組み、伝統と革新の架け橋となる活動を展開していました。,ACHIEVEMENT,,,False,REAL,,,LLM_GENERATED,,,,2025-12-16 21:38:45,,,,,,7.0,82.14285714285714,,,7.0,,熟練期の深化,8.5,7.5,8.0,8.5,8.0,8.5,8.5,音楽,,,,,,,,50代,,,,,,,,,,,,
,P89DC01D,アビゲイル・ジョンソン,,50,ビジネス,319,あなたと同じ50歳のとき、アビゲイル・ジョンソンは、フィデリティ・インベストメンツで長年培った投資運用の専門知識を活かし、会社の変革期を牽引していました。祖父が創業し、父が発展させた世界有数の資産運用会社で、彼女は次世代のリーダーシップを発揮する立場にありました。この時期、デジタル化の波に対応するため、伝統的な投資手法と最新テクノロジーの融合に注力し、若手社員の育成にも力を入れていました。家族経営の良き伝統を守りながらも、時代に即した革新を進めるという難しいバランスを取り、数兆ドル規模の資産を預かる企業の未来を見据えた経営判断を下していました。長年の経験から得た洞察力で、顧客第一主義という創業の理念を次世代へと継承していたのです。,ACHIEVEMENT,,,False,REAL,,,LLM_GENERATED,,,,2025-12-16 21:38:54,,,,,,7.0,87.14285714285714,,,7.0,,熟練期の深化,9.0,8.0,8.5,9.0,8.5,9.0,9.0,ビジネス,,,,,,,,50代,,,,,,,,,,,,
,P635A73B,アラン・ケイ,,51,科学・技術,314,あなたと同じ51歳のとき、アラン・ケイは1991年、アップルコンピュータのフェローとして、教育とテクノロジーの融合に情熱を注いでいました。この時期、彼は子どもたちがコンピュータを創造的な表現ツールとして使えるよう、マルチメディア環境の開発に取り組んでいました。20年以上前にDynabook構想で描いた「すべての年齢の人々のためのパーソナルコンピュータ」という夢は、まだ完全には実現していませんでしたが、彼は諦めることなく教育現場での実践を重ねました。「未来を予測する最良の方法は、それを発明することだ」という彼の言葉通り、長年培った専門知識を次世代の育成に注ぎ、コンピュータサイエンス教育の新しい地平を切り開き続けていました。,ACHIEVEMENT,,,False,REAL,,,LLM_GENERATED,,,,2025-12-16 21:39:02,,,,,,7.0,87.14285714285714,,,7.0,,熟練期の深化,9.0,8.0,8.5,9.0,8.5,9.0,9.0,科学・技術,,,,,,,,50代,,,,,,,,,,,,
,P0E74173,アリアナ・ハフィントン,,50,政治・社会,324,あなたと同じ50歳のとき、アリアナ・ハフィントンは『ハフィントン・ポスト』創設の構想を練っていました。2000年、彼女はカリフォルニア州知事選への出馬を経験し、従来の政治システムへの疑問を深めていた時期でした。長年のコラムニストとしての経験と、12冊の著書を通じて培った洞察力を活かし、新しいメディアの可能性を模索していました。この時期、彼女は既存のマスメディアでは拾いきれない多様な声を届けるプラットフォームの必要性を痛感していました。後にこのビジョンは2005年の『ハフィントン・ポスト』創設へと結実し、市民ジャーナリズムの新時代を切り開くことになります。50歳という節目は、彼女にとって過去の経験を統合し、次なる挑戦への準備期間となりました。,ACHIEVEMENT,,,False,REAL,,,LLM_GENERATED,,,,2025-12-16 21:39:11,,,,,,7.0,87.14285714285714,,,7.0,,熟練期の深化,9.0,8.0,8.5,9.0,8.5,9.0,9.0,政治・社会,,,,,,,,50代,,,,,,,,,,,,
,P88782FF,アルバート・サビン,,55,科学・技術,297,あなたと同じ55歳のとき、アルバート・サビンは経口ポリオワクチンの世界的普及に尽力していました。1961年、彼が開発した生ワクチンはソ連での大規模臨床試験の成功を経て、アメリカでも承認されました。注射が不要で投与が容易、かつ集団免疫効果も高いこのワクチンは、発展途上国でも使用可能という利点がありました。サビンは特許を取得せず、製法を無償で公開することを選択。「これは私の贈り物です。子どもたちのものです」と語り、人類全体の利益を優先しました。長年の研究が実を結んだこの時期、彼は単なる科学者を超えて、公衆衛生の理念を体現する存在となり、後の世代にワクチン開発における倫理観の模範を示しました。,ACHIEVEMENT,,,False,REAL,,,LLM_GENERATED,,,,2025-12-16 21:39:21,,,,,,7.0,82.14285714285714,,,7.0,,熟練期の深化,8.5,7.5,8.0,8.5,8.0,8.5,8.5,科学・技術,,,,,,,,50代,,,,,,,,,,,,
,PF367DE5,アルフレッド・ウェーゲナー,,50,探検・冒険,279,あなたと同じ50歳のとき、アルフレッド・ウェーゲナーは1930年11月、グリーンランド内陸部の過酷な探検に挑んでいました。大陸移動説の提唱者として学界から激しい批判を受けながらも、気象学者として氷河研究を続けた彼は、この第4次グリーンランド遠征で中央基地「アイスミッテ」への補給任務を自ら指揮しました。零下60度の極寒の中、若い隊員たちの命を守るため、長年培った極地探検の経験と判断力を発揮し、食料を届けることに成功します。自らの学説が認められない苦難の中でも、科学的真実への信念と後進への責任感を貫き通した姿は、専門家としての使命感の極致を示すものでした。,ACHIEVEMENT,,,False,REAL,,,LLM_GENERATED,,,,2025-12-16 21:39:30,,,,,,7.0,82.14285714285714,,,7.0,,熟練期の深化,8.5,7.5,8.0,8.5,8.0,8.5,8.5,探検・冒険,,,,,,,,50代,,,,,,,,,,,,
,PA330517,アルフレッド・ステーグリッツ,,50,芸術・文化,307,あなたと同じ50歳のとき、アルフレッド・スティーグリッツは1914年、ニューヨークの291ギャラリーで若き画家ジョージア・オキーフの炭素画作品に出会いました。彼女の抽象的な表現に深く感銘を受けた彼は、長年培ってきた審美眼と写真家としての経験から、その革新性を即座に見抜きました。20年以上にわたりヨーロッパの前衛芸術をアメリカに紹介し続けてきた彼は、ついにアメリカ独自の芸術表現の萌芽を発見したのです。この出会いは、彼自身の芸術観をさらに深化させるとともに、オキーフという才能を世に送り出す契機となりました。写真を単なる記録から芸術へと高めた先駆者として、今度は新世代の画家を育成する役割を担い始めた転換点でした。,ACHIEVEMENT,,,False,REAL,,,LLM_GENERATED,,,,2025-12-16 21:39:39,,,,,,7.0,87.14285714285714,,,7.0,,熟練期の深化,9.0,8.0,8.5,9.0,8.5,9.0,9.0,芸術・文化,,,,,,,,50代,,,,,,,,,,,,
,PFE2FE63,アルフレッド・ヒッチコック,,50,エンターテイメント,311,あなたと同じ50歳のとき、アルフレッド・ヒッチコックは『裏窓』を完成させ、映画技法の新境地を切り開いていました。1949年、長年培ったサスペンス演出の技術を結集し、限られた空間から展開する物語で観客を魅了する手法を確立しました。この時期、彼は若手スタッフに「カメラワークこそが観客の視点を操る鍵」と繰り返し指導し、一つの窓から見える世界だけで緊張感を生み出す革新的な演出方法を伝授していました。50年のキャリアで磨き上げた「見せないことで想像させる」技術は、後のサスペンス映画の教科書となり、現代の映画監督たちにも受け継がれています。この年代の彼の作品群は、技術的完成度と芸術性の両立を示す傑作として映画史に刻まれました。,ACHIEVEMENT,,,False,REAL,,,LLM_GENERATED,,,,2025-12-16 21:39:48,,,,,,7.0,87.14285714285714,,,7.0,,熟練期の深化,9.0,8.0,8.5,9.0,8.5,9.0,9.0,エンターテイメント,,,,,,,,50代,,,,,,,,,,,,
,P7C096C0,アル・ゴア,,50,政治・社会,294,あなたと同じ50歳のとき、アル・ゴアは1998年、クリントン政権の副大統領として二期目の重要な局面を迎えていました。この年、彼は長年取り組んできた環境問題への情熱を政策に結実させ、京都議定書の推進に尽力していました。また、情報スーパーハイウェイ構想を推進し、インターネットの普及に貢献した功績が評価されつつありました。政治家として20年以上のキャリアを積み重ね、若手議員への助言も行いながら、環境保護と技術革新という二つの専門分野で独自の地位を確立していました。この時期の経験は、後の大統領選挙への挑戦と、ノーベル平和賞受賞につながる環境活動家としての道を準備する重要な基盤となりました。,ACHIEVEMENT,,,False,REAL,,,LLM_GENERATED,,,,2025-12-16 21:39:56,,,,,,7.0,82.14285714285714,,,7.0,,熟練期の深化,8.5,7.5,8.0,8.5,8.0,8.5,8.5,政治・社会,,,,,,,,50代,,,,,,,,,,,,
,P8FC2CD6,アンゲラ・メルケル,,53,政治・社会,285,あなたと同じ53歳のとき、アンゲラ・メルケルは、ドイツ初の女性首相として2期目を迎え、リーダーシップの新たな境地を開拓していました。2007年、彼女はEU議長国の首脳として、気候変動対策における歴史的な合意を主導しました。物理学者としての科学的知見と、東ドイツ出身者としての粘り強い交渉力を融合させ、27カ国の利害を調整。温室効果ガス削減目標で合意を導き出したのです。この経験は、後の欧州債務危機やエネルギー政策転換において、彼女が「欧州の母」と呼ばれる礎となりました。長年培った調整力と科学的思考が結実し、国際政治における女性リーダーの新しいモデルを示した時期でした。,ACHIEVEMENT,,,False,REAL,,,LLM_GENERATED,,,,2025-12-16 21:40:04,,,,,,7.0,82.14285714285714,,,7.0,,熟練期の深化,8.5,7.5,8.0,8.5,8.0,8.5,8.5,政治・社会,,,,,,,,50代,,,,,,,,,,,,
,PA12210B,アンディ・ジャシー,,50,ビジネス,315,あなたと同じ50歳のとき、アンディ・ジャシーはAWSのCEOとして、クラウドコンピューティング市場で圧倒的なシェアを維持しながら、次世代リーダーの育成に力を注いでいました。2018年、彼は長年培ってきた「顧客第一主義」の哲学を組織全体に浸透させ、AIや機械学習などの新技術領域への投資を加速させていました。この時期、彼はAWSを立ち上げた2006年からの経験を活かし、若手エンジニアたちに「失敗を恐れず実験する文化」の重要性を説き続けました。また、年間の売上高が250億ドルを超える巨大組織となったAWSにおいても、スタートアップ時代の俊敏性を失わないよう、小規模チームでの意思決定を重視する「ツーピザルール」を堅持していました。,ACHIEVEMENT,,,False,REAL,,,LLM_GENERATED,,,,2025-12-16 21:40:11,,,,,,7.0,87.14285714285714,,,7.0,,熟練期の深化,9.0,8.0,8.5,9.0,8.5,9.0,9.0,ビジネス,,,,,,,,50代,,,,,,,,,,,,
,PEA41488,アントニオ・ダマシオ,,50,学術・研究,310,あなたと同じ50歳のとき、アントニオ・ダマシオは1994年に『デカルトの誤り』を出版し、神経科学の世界に革命をもたらしました。長年の臨床経験と脳損傷患者の研究から、彼は「感情なしに合理的な意思決定は不可能である」という画期的な理論を提唱しました。特に前頭葉損傷患者の観察を通じて、理性と感情を切り離したデカルト的二元論の限界を実証的に示したのです。この著作は神経科学、心理学、哲学の境界を越えて大きな影響を与え、彼の「ソマティック・マーカー仮説」は意思決定研究の新たな地平を開きました。アイオワ大学での研究チームを率いながら、科学と人文学を架橋する彼の姿勢は、多くの若手研究者に学際的研究の重要性を示す手本となりました。,ACHIEVEMENT,,,False,REAL,,,LLM_GENERATED,,,,2025-12-16 21:40:21,,,,,,7.0,87.14285714285714,,,7.0,,熟練期の深化,9.0,8.0,8.5,9.0,8.5,9.0,9.0,学術・研究,,,,,,,,50代,,,,,,,,,,,,
,PECADA74,アントニ・ガウディ,,50,芸術・文化,298,あなたと同じ50歳のとき、アントニ・ガウディは、サグラダ・ファミリア聖堂の建設に全精力を注いでいました。1902年、彼は長年の経験から得た有機的な建築理論を極限まで追求し、自然界の構造を模倣した革新的な柱や天井のデザインを実現していきました。この時期、ガウディは若い建築家や職人たちに対し、石膏模型や重りを使った実験を通じて、力学的に美しい曲線の秘密を熱心に伝授しました。「自然こそが最高の教科書である」と説き、弟子たちを森や海へ連れ出し、木の枝や貝殻の構造を観察させました。50歳を迎えた彼は、単なる建築家から、自然と芸術と信仰を融合させた独自の建築哲学を確立した巨匠へと深化していったのです。,ACHIEVEMENT,,,False,REAL,,,LLM_GENERATED,,,,2025-12-16 21:40:29,,,,,,7.0,82.14285714285714,,,7.0,,熟練期の深化,8.5,7.5,8.0,8.5,8.0,8.5,8.5,芸術・文化,,,,,,,,50代,,,,,,,,,,,,
,P956DDF4,アンドリュー・カーネギー,,50,ビジネス,299,あなたと同じ50歳のとき、アンドリュー・カーネギーは鉄鋼王として頂点を極めていました。1885年、彼はホームステッド製鋼所を買収し、カーネギー・スチール社の生産体制を飛躍的に拡大させました。この時期、彼は単なる経営者から、産業界全体を見渡す戦略家へと変貌を遂げていました。垂直統合という革新的な経営手法を確立し、原料調達から製品販売まで一貫して管理することで、競合他社を圧倒する効率性を実現しました。同時に、優秀な経営幹部チャールズ・シュワブらを育成し、組織の持続的成長の基盤を築きました。この年代から、彼は「富の福音」という思想を深め、財を成した者の社会的責任について真剣に考え始めていたのです。,ACHIEVEMENT,,,False,REAL,,,LLM_GENERATED,,,,2025-12-16 21:40:37,,,,,,7.0,82.14285714285714,,,7.0,,熟練期の深化,8.5,7.5,8.0,8.5,8.0,8.5,8.5,ビジネス,,,,,,,,50代,,,,,,,,,,,,
,P4C6BC7A,アンドレ・アガシ,,51,スポーツ,324,あなたと同じ51歳のとき、アンドレ・アガシは教育慈善活動に情熱を注いでいました。1999年に設立したアガシ・カレッジ・プレパラトリー・アカデミーは、ラスベガスの恵まれない子どもたちに質の高い教育を提供する charter schoolとして成長を続けていました。現役時代の激しい競争心は、今度は教育格差という社会問題への挑戦へと向けられ、自身の財団を通じて数千万ドル規模の支援を実現していました。かつてテニス界で「反逆児」と呼ばれた彼は、この時期には教育改革の先駆者として、スポーツ選手のセカンドキャリアの模範的な姿を示していました。コート上での栄光を、次世代への投資という形で社会に還元する彼の姿勢は、真の成功とは何かを私たちに問いかけています。,ACHIEVEMENT,,,False,REAL,,,LLM_GENERATED,,,,2025-12-16 21:40:47,,,,,,7.0,87.14285714285714,,,7.0,,熟練期の深化,9.0,8.0,8.5,9.0,8.5,9.0,9.0,スポーツ,,,,,,,,50代,,,,,,,,,,,,
,P7E86634,アンリ・マティス,,50,芸術・文化,306,あなたと同じ50歳のとき、アンリ・マティスは、第一次世界大戦の混乱の中でニースに移り住み、新たな芸術的境地を開拓していました。1919年、彼は地中海の光に魅了され、明るい色彩と装飾的な表現を追求し始めます。この時期、マティスは若き日のフォーヴィスムの激しさから、より洗練された調和の美へと作風を深化させました。室内画や窓辺の女性像など、光と色彩の関係を探求する作品を次々と生み出し、長年の経験が結実した円熟期を迎えます。同時に、パリとニースを往復しながら、若い芸術家たちとの交流も続け、自らの芸術観を語り継ぎました。この南仏での日々が、後の切り絵作品へとつながる装飾性への関心を深める重要な転換点となったのです。,ACHIEVEMENT,,,False,REAL,,,LLM_GENERATED,,,,2025-12-16 21:40:56,,,,,,7.0,87.14285714285714,,,7.0,,熟練期の深化,9.0,8.0,8.5,9.0,8.5,9.0,9.0,芸術・文化,,,,,,,,50代,,,,,,,,,,,,
,PABEB253,イサク・ディネーセン,,50,文学,310,あなたと同じ50歳のとき、イサク・ディネーセンは、アフリカでのコーヒー農園経営の失敗と離婚という人生の挫折を経て、デンマークに帰国していました。この時期、彼女は長年アフリカで培った経験を文学作品へと昇華させる作業に没頭していました。ケニアでの17年間の記憶、現地の人々との交流、大自然との対峙といった濃密な体験が、やがて『アフリカの日々』として結実することになります。貴族の娘として生まれながら、異国の地で困難に直面し、梅毒という病にも苦しんだ彼女は、50歳という年齢で初めて本格的な作家としての道を歩み始めました。人生の後半期における再出発は、喪失と挫折こそが創造の源泉となりうることを示す、勇気ある転身の時期でした。,ACHIEVEMENT,,,False,REAL,,,LLM_GENERATED,,,,2025-12-16 21:41:06,,,,,,7.0,87.14285714285714,,,7.0,,熟練期の深化,9.0,8.0,8.5,9.0,8.5,9.0,9.0,文学,,,,,,,,50代,,,,,,,,,,,,
,P7A62CE2,イサベル・アジェンデ,,50,文学,286,あなたと同じ50歳のとき、イサベル・アジェンデは『愛と精霊の家』から10年を経て、作家として円熟期を迎えていました。1992年、彼女は娘ポーラが重病で昏睡状態に陥るという人生最大の試練に直面します。病院で娘に付き添いながら、家族の記憶を綴り始めた手記は、後に『パウラ』として出版されました。この作品は、個人的な喪失の痛みを普遍的な愛の物語へと昇華させ、多くの読者の心を捉えました。苦悩の中でも執筆を続けたアジェンデは、文学が癒しと再生の力を持つことを自ら体現し、作家としての新たな深みに到達したのです。この経験は彼女の作品に、より深い人間理解と慈悲の視点をもたらしました。,ACHIEVEMENT,,,False,REAL,,,LLM_GENERATED,,,,2025-12-16 21:41:14,,,,,,7.0,82.14285714285714,,,7.0,,熟練期の深化,8.5,7.5,8.0,8.5,8.0,8.5,8.5,文学,,,,,,,,50代,,,,,,,,,,,,
,PCEF1569,イドリス・エルバ,,50,映画・演劇,299,あなたと同じ50歳のとき、イドリス・エルバは俳優業の頂点を極めながら、映画監督としての新たな挑戦を本格化させていました。2022年、彼は長年温めていた企画を実現し、アフリカを舞台にした作品のプロデュースと監督を手がけました。シエラレオネにルーツを持つ彼は、若手のアフリカ系俳優たちに「君たちの物語を自分で語る権利がある」と情熱的に指導し、ハリウッドでマイノリティとして苦労した経験を次世代に継承しました。また、この年には『ビースト』で主演を務め、20年以上のキャリアで培った存在感を発揮。演技と創作の両面で円熟期を迎え、エンターテインメント業界における多様性の重要性を体現する存在となっていました。,ACHIEVEMENT,,,False,REAL,,,LLM_GENERATED,,,,2025-12-16 21:41:23,,,,,,7.0,82.14285714285714,,,7.0,,熟練期の深化,8.5,7.5,8.0,8.5,8.0,8.5,8.5,映画・演劇,,,,,,,,50代,,,,,,,,,,,,
,P9BCD34D,イマニュエル・カント,,50,学術・研究,297,あなたと同じ50歳のとき、イマニュエル・カントは1774年、ケーニヒスベルク大学で論理学と形而上学の教授として、20年以上の講義経験を積み重ねていました。この時期、彼は毎日規則正しく散歩をしながら思索を深め、町の人々が彼の散歩時刻で時計を合わせるほどの正確さで知られていました。まだ『純粋理性批判』の出版前でしたが、長年の哲学的探究が静かに熟成する時期でした。学生たちには厳格ながらも情熱的に講義を行い、地理学や人類学など幅広い分野を教えながら、後に「批判哲学」と呼ばれる独自の思想体系を練り上げていました。この時期の地道な思索と教育活動が、7年後の革命的な著作へとつながる基盤となったのです。,ACHIEVEMENT,,,False,REAL,,,LLM_GENERATED,,,,2025-12-16 21:41:32,,,,,,7.0,82.14285714285714,,,7.0,,熟練期の深化,8.5,7.5,8.0,8.5,8.0,8.5,8.5,学術・研究,,,,,,,,50代,,,,,,,,,,,,
