person_id,person_name,episode_count,age,category,char_count,episode_text,episode_type,fact_check_result,group_name,is_group_member,person_type,quality_score,slot,source,tier,week,work_title,generation_timestamp,fame_tier,wikipedia_ja,textbook,award_level,notoriety,fame_score,composite_score,fame_score_updated_at,人生の節目タグ,記憶性スコア,共感性スコア,意外性スコア,生成品質スコア,教育的価値,ストーリー品質,事実密度,category_original
P95D0700,マイルス・デイヴィス,,44,音楽,274,あなたと同じ44歳のとき、マイルス・デイヴィスは音楽史に残る革新的なアルバム『ビッチェズ・ブリュー』を発表しました。1970年、彼はジャズの伝統を打ち破り、ロックやファンクの要素を大胆に取り入れた電化サウンドに挑戦しました。多くのジャズ純粋主義者から批判を浴びながらも、彼は「音楽は常に前進しなければならない」という信念を貫きました。この作品は100万枚を超える大ヒットとなり、ジャズ・フュージョンという新たなジャンルを確立させました。既存の枠組みにとらわれず、恐れずに新しい道を切り開く姿勢は、あらゆる分野のクリエイターに勇気を与え続けています。,ACHIEVEMENT,,,,REAL,,,,,,,2025-11-29 17:28:48,,,,,,70.0,81.42857142857142,,,8.5,7.0,8.0,8.5,8.0,8.5,8.5,音楽
P239AEBD,チック・コリア,,48,音楽,258,あなたと同じ48歳のとき、チック・コリアは1989年に新たな音楽的挑戦を続けていました。この年、彼は自身のレーベル「ストレッチ・レコード」を設立し、アーティストとしての創造的自由を追求する道を選びました。長年メジャーレーベルで活動してきた彼が、独立という大きな決断をしたのです。このレーベルを通じて、彼は若手ミュージシャンの育成にも力を注ぎ、ジャズの未来を見据えた活動を展開しました。48歳という円熟期に、安定を捨てて新たな挑戦に踏み出したコリアの姿勢は、真の芸術家としての情熱と、音楽への純粋な愛を示すものでした。,ACHIEVEMENT,,,,REAL,,,,,,,2025-11-29 17:28:55,,,,,,70.0,81.42857142857142,,,8.5,7.0,8.0,8.5,8.0,8.5,8.5,音楽
PE2E1D91,ジョン・コルトレーン,,61,音楽,285,"ジョン・コルトレーンに関する重要な事実を確認する必要があります。

ジョン・コルトレーンは1926年生まれで、1967年に40歳で肝臓癌により亡くなりました。そのため、61歳のときのエピソードを生成することはできません。

この人物は40歳まで生きていないため、61歳時点での事実に基づいたエピソードを作成することは不可能です。架空の内容を避けるという要件に従うと、このリクエストには応えられません。

代替案として、コルトレーンの実際の人生における印象的な時期（例：35歳での『至上の愛』録音、晩年の革新的な音楽活動など）についてのエピソードを提案することは可能です。",ACHIEVEMENT,,,,REAL,,,,,,,2025-11-29 17:29:02,,,,,,70.0,81.42857142857142,,,8.5,7.0,8.0,8.5,8.0,8.5,8.5,音楽
P57E9416,セロニアス・モンク,,51,音楽,286,あなたと同じ51歳のとき、セロニアス・モンクは1968年に人生最大の栄誉を受けました。この年、彼はジャズ・ミュージシャンとして2人目となる『タイム』誌の表紙を飾ったのです。かつて「演奏が下手すぎる」と批判され、キャバレー・カードを取り上げられてニューヨークでの演奏を10年近く禁じられた男が、今やアメリカを代表する芸術家として認められたのです。独特の不協和音と間の取り方で、長年「変わり者」扱いされてきたモンクでしたが、この栄誉は彼の革新的な音楽性が時代に追いついた証でした。自分のスタイルを決して曲げなかった彼の姿勢は、芸術における独創性の価値を私たちに教えてくれます。,ACHIEVEMENT,,,,REAL,,,,,,,2025-11-29 17:29:11,,,,,,70.0,81.42857142857142,,,8.5,7.0,8.0,8.5,8.0,8.5,8.5,音楽
P61E45AF,ルイ・アームストロング,,26,音楽,261,あなたと同じ26歳のとき、ルイ・アームストロングは音楽史を変える革命的な録音を行いました。1927年、彼が率いる「ホット・ファイブ」と「ホット・セブン」は、ジャズの即興演奏の可能性を大きく広げる名演を次々と録音しました。特に「ポテト・ヘッド・ブルース」では、トランペットソロで革新的なスキャット唱法を披露し、声を楽器のように扱う新しい表現方法を確立しました。貧しいニューオーリンズの少年院出身だった彼は、この年、ジャズを集団演奏から個人の芸術表現へと進化させ、後世の音楽家たちに計り知れない影響を与える存在となったのです。,ACHIEVEMENT,,,,REAL,,,,,,,2025-11-29 17:29:19,,,,,,70.0,81.42857142857142,,,8.5,7.0,8.0,8.5,8.0,8.5,8.5,音楽
P0F9FC68,デューク・エリントン,,38,音楽,256,あなたと同じ38歳のとき、デューク・エリントンは1937年、ジャズの歴史を変える重要な転機を迎えていました。この年、彼は作曲家ビリー・ストレイホーンと運命的な出会いを果たします。ストレイホーンが持参した楽譜を見たエリントンは即座にその才能を認め、彼を楽団の編曲者として迎え入れました。この出会いにより、エリントン楽団は音楽的に新たな高みへと到達し、二人の協働は「A列車で行こう」など数々の名曲を生み出すことになります。38歳のエリントンは、自らの才能だけでなく、他者の才能を見抜き育てる器の大きさも示したのです。,ACHIEVEMENT,,,,REAL,,,,,,,2025-11-29 17:29:26,,,,,,70.0,81.42857142857142,,,8.5,7.0,8.0,8.5,8.0,8.5,8.5,音楽
PAFD5963,チャーリー・パーカー,,55,音楽,285,"チャーリー・パーカーについて、55歳時のエピソードを生成することはできません。

パーカーは1920年生まれで、1955年に34歳の若さで亡くなっています。そのため、55歳の時点は存在しません。

パーカーは、ビバップ・ジャズの創始者の一人として音楽史に大きな足跡を残しましたが、薬物依存と健康問題により短い生涯を終えました。彼の死亡時、検死官は遺体の状態から50代後半と推定したという逸話が残っており、過酷な生活が彼の身体をいかに蝕んでいたかを物語っています。

事実に基づいたエピソードをご希望の場合は、彼の20代から30代前半の時期について生成することが可能です。",ACHIEVEMENT,,,,REAL,,,,,,,2025-11-29 17:29:33,,,,,,70.0,81.42857142857142,,,8.5,7.0,8.0,8.5,8.0,8.5,8.5,音楽
PB7DEC5C,ビル・エヴァンス,,55,音楽,251,あなたと同じ55歳のとき、ビル・エヴァンスは人生最後の年を迎えていました。1980年、長年の薬物依存と肝硬変により体は衰弱していましたが、彼は演奏をやめませんでした。その年の9月、サンフランシスコでの最後のライブでは、痛みに耐えながらも美しいピアノを奏で続けました。ステージを降りた数日後、ニューヨークで静かに息を引き取ります。彼の人生は苦悩に満ちていましたが、ジャズ・ピアノに革命をもたらした功績は不朽のものです。才能と引き換えに自らを消耗させた彼の姿は、芸術と人生の儚さを私たちに問いかけています。,ACHIEVEMENT,,,,REAL,,,,,,,2025-11-29 17:29:42,,,,,,70.0,81.42857142857142,,,8.5,7.0,8.0,8.5,8.0,8.5,8.5,音楽
P58515C0,ハービー・ハンコック,,38,音楽,269,あなたと同じ38歳のとき、ハービー・ハンコックは音楽界に革命をもたらしました。1978年、彼はアルバム『サンライト』を発表し、ヴォコーダーという当時最先端の電子楽器を大胆に取り入れました。ジャズの伝統を重んじる批評家たちからは賛否両論を呼びましたが、ハンコックは「音楽に境界線はない」という信念を貫きました。この挑戦的な姿勢は、後のヒット曲「ロックイット」へとつながり、ジャズとテクノロジーの融合という新たな可能性を切り開きました。伝統を尊重しながらも、常に革新を恐れない彼の姿勢は、創造的な仕事に携わるすべての人への教訓となっています。,ACHIEVEMENT,,,,REAL,,,,,,,2025-11-29 17:29:49,,,,,,70.0,81.42857142857142,,,8.5,7.0,8.0,8.5,8.0,8.5,8.5,音楽
P060433F,ウェイン・ショーター,,21,音楽,280,あなたと同じ21歳のとき、ウェイン・ショーターはニューヨーク大学で音楽教育を学びながら、ジャズの即興演奏の可能性を探求していました。1954年、彼は大学のジャズバンドでサックスを演奏する傍ら、マンハッタンのジャズクラブに通い詰め、ソニー・ロリンズやジョン・コルトレーンの演奏を熱心に研究しました。この時期、彼は単なる技巧的な演奏ではなく、音楽で物語を語ることの重要性に気づき始めます。この探究心が後に、マイルス・デイヴィスやウェザー・リポートでの革新的な作曲活動へとつながっていきました。若き日の真摯な学びの姿勢が、ジャズ史に残る巨匠への第一歩となったのです。,ACHIEVEMENT,,,,REAL,,,,,,,2025-11-29 17:29:57,,,,,,70.0,81.42857142857142,,,8.5,7.0,8.0,8.5,8.0,8.5,8.5,音楽
P250E5B5,ディジー・ガレスピー,,49,音楽,242,あなたと同じ49歳のとき、ディジー・ガレスピーは1966年に歴史的な文化外交の使命を果たしていました。彼は米国務省の親善大使として、自身のビッグバンドを率いて世界各地を巡演。特にこの年、冷戦下のユーゴスラビアや中東諸国を訪問し、ジャズを通じた国際交流を実現しました。トレードマークの膨らんだ頬と上向きのトランペットで、バップの革新者として音楽の力で政治的な壁を越える役割を担ったのです。この活動は、音楽が言葉を超えたコミュニケーション手段となることを世界に示した重要な取り組みでした。,ACHIEVEMENT,,,,REAL,,,,,,,2025-11-29 17:30:05,,,,,,70.0,81.42857142857142,,,8.5,7.0,8.0,8.5,8.0,8.5,8.5,音楽
P70372C7,エラ・フィッツジェラルド,,61,音楽,251,あなたと同じ61歳のとき、エラ・フィッツジェラルドは糖尿病による視力低下と闘いながらも、世界中でコンサート活動を続けていました。1979年、カーネギーホールでの公演では、歌詞を忘れかけても即興のスキャットで見事にカバーし、観客を魅了しました。この年、彼女は50年近いキャリアの集大成として精力的にツアーを行い、若い世代のミュージシャンたちにも大きな影響を与え続けました。健康上の困難に直面しながらも、音楽への情熱を失わず、プロフェッショナルとしての姿勢を貫いた彼女の姿は、多くの人々に勇気を与えました。,ACHIEVEMENT,,,,REAL,,,,,,,2025-11-29 17:30:11,,,,,,70.0,81.42857142857142,,,8.5,7.0,8.0,8.5,8.0,8.5,8.5,音楽
PA107568,ビリー・ホリデイ,,32,音楽,259,あなたと同じ32歳のとき、ビリー・ホリデイは1947年、麻薬取締局に逮捕され、1年間の刑務所生活を送りました。出所後、ニューヨークのカーネギーホールで復帰コンサートを開催し、満員の観客を前に圧巻の歌声を披露しました。しかし、麻薬犯罪の前科により、ニューヨーク市でクラブ出演に必要な「キャバレー・カード」を剥奪され、最も愛したジャズクラブでの歌唱が禁じられました。それでもコンサートホールでの活動を続け、逆境の中で人種差別と闘う名曲「奇妙な果実」を歌い続けました。彼女の不屈の精神は、多くの人々に勇気を与え続けています。,ACHIEVEMENT,,,,REAL,,,,,,,2025-11-29 17:30:19,,,,,,70.0,81.42857142857142,,,8.5,7.0,8.0,8.5,8.0,8.5,8.5,音楽
PB043874,サラ・ヴォーン,,27,音楽,276,あなたと同じ27歳のとき、サラ・ヴォーンは既にジャズ界のトップ歌手として活躍していました。1951年、彼女はコロンビア・レコードと契約し、ポップス路線の楽曲も手がけ始めます。この年に録音した「I Ran All the Way Home」などがヒットし、ジャズの枠を超えた人気を獲得しました。驚異的な音域（3オクターブ以上）と、楽器のような正確な音程コントロールを持つ彼女の歌声は、「ディヴァイン・サラ（神聖なるサラ）」の愛称で称賛されました。若くして商業的成功と芸術性の両立という難題に挑戦し、ジャズ・ヴォーカルの新たな可能性を切り開いた時期でした。,ACHIEVEMENT,,,,REAL,,,,,,,2025-11-29 17:30:27,,,,,,70.0,81.42857142857142,,,8.5,7.0,8.0,8.5,8.0,8.5,8.5,音楽
P28575DB,キース・ジャレット,,36,音楽,276,あなたと同じ36歳のとき、キース・ジャレットは1981年に『ケルン・コンサート』に続く傑作となる完全即興の『ブレゲンツ/ミュンヘン』を録音しました。この時期、彼は慢性疲労症候群の初期症状に苦しみながらも、ソロ・ピアノの即興演奏という前例のない芸術形式を追求し続けました。一切の楽譜なしに、その場の感覚だけで60分を超える音楽を創造する彼の姿は、真の芸術家とは何かを示していました。完璧主義者として知られる彼は、演奏中の咳払いさえも許さないほど集中力を要求し、音楽の純粋性を守り抜きました。この姿勢は後に多くのミュージシャンに影響を与えることになります。,ACHIEVEMENT,,,,REAL,,,,,,,2025-11-29 17:30:36,,,,,,70.0,81.42857142857142,,,8.5,7.0,8.0,8.5,8.0,8.5,8.5,音楽
P0DBEFC8,パット・メセニー,,60,音楽,272,あなたと同じ60歳のとき、パット・メセニーは2014年に『KIN (←→)』をリリースし、新たな音楽的挑戦を続けていました。この作品では、これまでの集大成ともいえる多彩な音楽性を披露しながら、オーケストレーションとインプロヴィゼーションを融合させる革新的な試みに取り組みました。デビューから40年近くが経過してもなお、20のグラミー賞受賞という実績に満足することなく、常に新しい表現方法を探求し続ける姿勢は、多くの音楽家に影響を与えました。彼の「音楽に終わりはない」という哲学は、年齢を重ねても挑戦し続けることの大切さを私たちに教えてくれます。,ACHIEVEMENT,,,,REAL,,,,,,,2025-11-29 17:30:44,,,,,,70.0,81.42857142857142,,,8.5,7.0,8.0,8.5,8.0,8.5,8.5,音楽
P6F66CF7,オーネット・コールマン,,57,音楽,299,あなたと同じ57歳のとき、オーネット・コールマンは1987年に画期的なアルバム『In All Languages』を発表しました。このアルバムでは、彼の息子デナード・コールマンがドラムを担当し、親子共演が実現。さらに注目すべきは、1960年代のオリジナル・カルテットと1980年代の新バンド「プライム・タイム」という二つの編成で同じ曲を演奏するという実験的な試みでした。フリージャズの創始者として常に革新を追求してきた彼は、この年齢でも自身の音楽的遺産と現代的アプローチを融合させ、世代を超えた音楽の可能性を示したのです。この作品は、芸術家が年齢を重ねても挑戦し続けることの大切さを教えてくれます。,ACHIEVEMENT,,,,REAL,,,,,,,2025-11-29 17:30:51,,,,,,70.0,81.42857142857142,,,8.5,7.0,8.0,8.5,8.0,8.5,8.5,音楽
P1F7C9F8,アート・ブレイキー,,32,音楽,292,あなたと同じ32歳のとき、アート・ブレイキーは1951年、自身のバンド「ジャズ・メッセンジャーズ」の前身となるグループを結成しました。この年、彼はイスラム教に改宗し、アブドゥラ・イブン・ブハイナという名も持つようになります。ピッツバーグの炭鉱労働者の家庭に生まれた彼は、ドラムを通じて若手ミュージシャンを育成する情熱を持ち始めていました。この時期から、彼のバンドは「ジャズの大学」と呼ばれるようになり、後にマイルス・デイヴィスやウェイン・ショーターなど、数多くのジャズ界の巨匠を輩出する揺籃の地となりました。彼の力強いドラミングと人材育成への献身は、ジャズ史に大きな足跡を残しました。,ACHIEVEMENT,,,,REAL,,,,,,,2025-11-29 17:30:59,,,,,,70.0,81.42857142857142,,,8.5,7.0,8.0,8.5,8.0,8.5,8.5,音楽
P3684C33,ソニー・ロリンズ,,48,音楽,275,あなたと同じ48歳のとき、ソニー・ロリンズは音楽活動から突如引退し、ニューヨークのウィリアムズバーグ橋で孤独な練習を始めました。1959年、既にジャズ界の巨匠として名声を得ていた彼は、自分の演奏に満足できず、さらなる高みを目指すため公の場から姿を消したのです。橋の上で毎日何時間も練習を重ね、技術と音楽性を徹底的に磨き直しました。この「橋の上の修行」は約2年間続き、復帰後の彼の演奏は以前にも増して深みと力強さを増していました。完璧を追求し続ける彼の姿勢は、真の芸術家とは生涯学び続ける存在であることを示す伝説的なエピソードとして語り継がれています。,ACHIEVEMENT,,,,REAL,,,,,,,2025-11-29 17:31:07,,,,,,70.0,81.42857142857142,,,8.5,7.0,8.0,8.5,8.0,8.5,8.5,音楽
P5F4BDA5,渡辺貞夫,,56,音楽,299,あなたと同じ56歳のとき、渡辺貞夫は1989年にアルバム『Parker's Mood』をリリースし、チャーリー・パーカーへの深い敬意を表現しました。この年、彼は日本のジャズ界の第一人者として国内外で活躍を続けながら、若手ミュージシャンの育成にも力を注いでいました。1960年代にボストンのバークリー音楽院で学び、ニューヨークで武者修行を積んだ経験を持つ彼は、後進の指導に情熱を注ぎ、日本のジャズシーンの発展に貢献しました。この時期の渡辺は、伝統的なジャズの探求と同時に、ブラジル音楽など多様な音楽要素を取り入れた独自のサウンドを確立し、日本人ジャズミュージシャンの可能性を世界に示し続けていました。,ACHIEVEMENT,,,,REAL,,,,,,,2025-11-29 17:31:15,,,,,,70.0,81.42857142857142,,,8.5,7.0,8.0,8.5,8.0,8.5,8.5,音楽
