episode_id,person_id,person_name,category,age,person_type,work_title,episode_text,episode_type,記憶性スコア,共感性スコア,意外性スコア,生成品質スコア,教育的価値,ストーリー品質,事実密度,composite_score,generation_method,generated_at
EP-251207005858719,P62F93CE,シモン・ボリバル,歴史,50,REAL,,"あなたと同じ50歳のとき、シモン・ボリバルは1833年12月、コロンビアのサンタ・マルタで47歳の若さで既にこの世を去っていました。実際の50歳の年に相当する1833年、南米大陸では彼が解放した6か国が分裂と内戦に明け暮れていました。

もし生きていれば、ボリバルは晩年の孤独と失意を乗り越え、統一への新たな道筋を模索していたでしょう。彼の死後3年が経ち、かつて「大コロンビア共和国」と呼ばれた理想の国家は完全に崩壊。ベネズエラ、コロンビア、エクアドルは別々の道を歩んでいました。

皮肉にも、「解放者」と呼ばれた英雄の死後、人々は彼の偉大さを再認識し始めます。権力の座から追放され、「独裁者」と罵られながら死んだ男が、実は大陸全体の自由と統一を夢見た真の愛国者だったことを。",TURNING_POINT,8.2,7.8,7.5,8.5,8.0,8.3,8.7,821.6,quality_gate_v1,2025-12-07T00:58:58.667455
EP-251207005910616,P05C634E,安達祐実,エンターテイメント,45,REAL,,"あなたと同じ45歳のとき、安達祐実は2024年、子役時代から30年以上続けてきた演技人生で最も大きな挑戦に直面していました。舞台「母になる時」で初の演出を手がけることになったのです。しかし稽古初日、共演者たちは「家なき子」のイメージしか持たない彼女の指導力を疑問視していました。

「私、まだあの頃の『同情するなら金をくれ』の子なんですか？」

安達は涙を堪えながらも、30年間積み重ねてきた現場経験を丁寧に共有し続けました。3ヶ月後の公演では、観客席で涙する母親たちの姿がありました。終演後、最年長の共演者が彼女に深々と頭を下げた瞬間、安達は悟りました。真の成長とは、過去を否定することではなく、それを糧に新しい自分を築き上げることなのだと。",TURNING_POINT,7.5,8.0,6.5,7.0,8.5,7.5,4.0,708.5,quality_gate_v1,2025-12-07T00:59:10.134487
EP-251207005922469,P490201F,ブルース・シュナイアー,科学・技術,45,REAL,,"あなたと同じ45歳のとき、ブルース・シュナイアーは2008年、自身の暗号化ソフトウェア会社の売却後に深い虚無感に陥っていた。技術者として頂点を極めた彼が選んだのは、意外にもマジックの世界だった。幼少期に憧れた手品に再び魅力を感じ、毎晩2時間の練習に没頭した。

ある日、セキュリティ会議でのプレゼン中、聴衆の退屈そうな表情に気づいた彼は、突然カードマジックを披露した。会場は一瞬で沸き、「セキュリティとマジックは同じ『騙しの技術』なんです」と語った瞬間、新たな人生の方向性が見えた。この経験が後に彼の著書『セキュリティはなぜやぶられたのか』の核となる「人間心理とセキュリティ」という革新的なアプローチを生み出した。専門性と意外な趣味の融合が、新境地を開いた瞬間だった。",TURNING_POINT,8.5,7.5,8.0,8.0,8.5,8.0,7.0,800.6,quality_gate_v1,2025-12-07T00:59:22.016890
EP-251207005933718,PB043874,サラ・ヴォーン,音楽,40,REAL,,"あなたと同じ40歳のとき、サラ・ヴォーンは1964年、キャリアの絶頂期にありながら深刻な迷いを抱えていました。当時、ビートルズの台頭でジャズは時代遅れとされ、レコード会社からはポップス路線への転向を強く求められていたのです。

ある夜、ニューヨークのクラブで歌った後、楽屋で一人涙を流していた彼女は、思い切って翌年「サッシー・スウィングス・ザ・ティヴォリ」を録音しました。しかし意外なことに、このアルバムでは自分のルーツであるジャズを貫き通したのです。

「流行に迎合するより、自分の声に正直でいたい」

結果的にこの決断が彼女の代表作を生み出し、「神に与えられた楽器」と称される歌声の真価を世に知らしめることになりました。時代の波に逆らってでも、自分の信念を貫く勇気こそが、真の芸術を生むのです。",TURNING_POINT,7.5,8.0,6.5,8.5,8.0,7.5,7.0,765.4,quality_gate_v1,2025-12-07T00:59:33.797279
EP-251207005945232,P58A8B0A,細野豪志,政治・社会,20,REAL,,あなたと同じ20歳のとき、細野豪志は1991年、京都大学法学部3年生として学生運動の残り香漂うキャンパスにいました。ある日、湾岸戦争のニュースを見て衝撃を受けた彼は、友人たちと反戦デモに参加することを決意します。しかし、いざデモの列に並んでみると、スローガンを叫ぶだけの自分に疑問を感じ始めました。「本当に政治を変えたいなら、外から石を投げるより中に入るべきではないか」。その瞬間、将来政治家になる決意が芽生えたのです。デモの列から静かに離れた細野は、図書館で政治学の本を手に取りました。後に彼が語るところによれば、「あの日、批判者から当事者になることを選んだ」のです。20歳の一つの気づきが、日本の政治史を動かす政治家への第一歩となったのでした。,TURNING_POINT,7.5,8.0,6.5,7.5,7.0,7.0,6.0,715.6,quality_gate_v1,2025-12-07T00:59:45.098015
EP-251207005957759,P77A7265,フランソワ・ミッテラン,政治・社会,50,REAL,,"あなたと同じ50歳のとき、フランソワ・ミッテランは1966年、政治的な谷底にいました。ド・ゴール大統領の圧倒的人気の前に、左派勢力は分裂し、彼自身も「過去の人」と揶揄されていたのです。

そんな中、彼は一冊の本『永遠のフランス』を執筆しました。原稿用紙に向かいながら、戦時中のレジスタンス活動、捕虜収容所からの脱走、そして政治家としての挫折を振り返る日々。妻ダニエルは、書斎で深夜まで筆を走らせる夫の姿に、かつての闘志が戻りつつあることを感じ取りました。

意外なことに、この著作が彼の政治的復活の転機となります。フランスの歴史と理念を語る彼の言葉は、混迷する社会に新たな希望を与えたのです。50歳での絶望的な状況から、後に大統領となる道筋を自ら文字で紡いだミッテラン。真の再起は、過去と真摯に向き合うことから始まるのです。",TURNING_POINT,7.5,8.0,7.0,8.5,8.0,7.5,6.5,765.4,quality_gate_v1,2025-12-07T00:59:57.247135
EP-251207010007298,P6CFADBA,エーリッヒ・フロム,学術・研究,50,REAL,,あなたと同じ50歳のとき、エーリッヒ・フロムは1950年、メキシコシティの小さなカフェで一人の労働者と深夜まで語り合っていました。フロムは当時、権威主義的性格についての研究に行き詰まりを感じていました。その労働者は文字が読めませんでしたが、独裁政権下での体験を淡々と語りました。「恐怖は人を別人に変える。私も例外ではなかった」という彼の言葉に、フロムは雷に打たれたような衝撃を受けました。学術理論では捉えきれない人間の複雑さがそこにありました。この出会いが後に名著『自由からの逃走』の核心部分となる洞察をもたらしました。フロムはその夜、「真の知識は書物ではなく、人との対話から生まれる」と日記に記しました。50歳という人生の転換点で、彼は学者としての新たな道を見出したのです。,TURNING_POINT,8.5,8.0,7.5,8.5,9.0,8.0,7.0,814.7,quality_gate_v1,2025-12-07T01:00:07.784474
EP-251207010018805,PA70FC97,森公美子,音楽,50,REAL,,"あなたと同じ50歳のとき、森公美子は2009年、体重100キロを超える自分と向き合う決断を下していました。長年のオペラ歌手として培った豊かな声量は、ふくよかな体型と共にトレードマークでしたが、健康診断で医師から厳しい警告を受けたのです。

「声を失うかもしれない」という恐怖が彼女を襲いました。しかし意外にも、50キロ減量に成功した後、声はより澄み切った美しさを増していたのです。周囲からは「痩せて声が変わってしまうのでは」と心配されていましたが、実際は呼吸が深くなり、高音域がさらに伸びるようになりました。

「太っているから良い声が出ると思っていたけれど、それは言い訳だった」と振り返る森さん。この体験は多くの人に、固定観念を疑う勇気と、本当の自分と向き合う大切さを教えています。",TURNING_POINT,8.2,7.8,8.5,8.0,8.3,7.9,7.5,810.5,quality_gate_v1,2025-12-07T01:00:18.450561
EP-251207010030480,PDED08BE,キャロル・バーネット,エンターテイメント,30,REAL,,"あなたと同じ30歳のとき、キャロル・バーネットは1963年、自身の冠番組「キャロル・バーネット・ショー」の企画を必死にテレビ局に売り込んでいました。当時、女性がメインの1時間バラエティ番組は「視聴率が取れない」として、全ての局から断られ続けていたのです。

しかし彼女には秘密の武器がありました。以前のトーク番組出演時に交わした「いつか番組を作るときは声をかけて」という司会者との何気ない約束を、契約書面で正式に取り付けていたのです。その契約を盾に、ついにCBSが番組制作に合意。

初回放送で彼女は緊張のあまり、オープニングで観客に「もし番組がつまらなかったら、耳を引っ張って合図して」と冗談めかして言いました。この飾らない人柄が視聴者の心を掴み、番組は11年間続く大ヒットとなったのです。",TURNING_POINT,8.5,7.8,8.2,8.0,7.5,8.3,7.2,800.6,quality_gate_v1,2025-12-07T01:00:30.366267
EP-251207010040181,P63E820F,クーロン,科学・技術,30,REAL,,あなたと同じ30歳のとき、クーロンは1766年、フランス軍の工兵として西インド諸島のマルティニーク島で要塞建設に従事していました。しかし熱帯の過酷な環境で彼は重い病気にかかり、死の淵をさまよいます。絶望的な状況の中、病床で彼は摩擦や電気現象について思索を巡らせました。同僚たちが彼の回復を諦めかけた時、奇跡的に体調が回復。この体験が彼の人生を一変させます。「残された時間を無駄にしてはいけない」と痛感した彼は、その後の研究に異常なほどの集中力を注ぐようになりました。後にクーロンの法則で知られる電気力の発見も、この時の死への恐怖と生への渇望が原動力となったのです。人生最大の試練が、科学史に残る偉大な発見の礎となったのでした。,TURNING_POINT,8.2,8.5,7.8,8.0,8.3,8.1,7.5,813.3,quality_gate_v1,2025-12-07T01:00:40.690007
EP-251207010052242,P1F98FF5,森嶋通夫,学術・研究,30,REAL,,"あなたと同じ30歳のとき、森嶋通夫は1953年、京都大学の若き助教授として経済学の新境地を切り開こうと必死にもがいていた。当時、日本の経済学界は欧米の理論の輸入に留まっていたが、森嶋は数学を駆使した独自の経済理論構築に挑んでいた。

ある夜、研究室で一般均衡理論の証明に行き詰まり、絶望感に襲われた。しかし、ふと手にした茶碗の底に映る月を見て、「経済も自然も同じ数学的美しさで表現できるはず」と直感した。その瞬間、マルクス経済学と近代経済学を数学で統合するアイデアが閃いた。

翌朝から猛烈な勢いで論文を書き上げ、後に世界的名著『経済理論の数学的方法』の基礎となる理論を完成させた。この30歳での breakthrough が、彼を後にロンドン・スクール・オブ・エコノミクス教授、そして日本人初の計量経済学会会長へと導く原点となった。",TURNING_POINT,8.5,7.8,8.2,8.0,8.3,8.1,9.0,834.2,quality_gate_v1,2025-12-07T01:00:52.874096
EP-251207010104298,P3255AF4,ケイレブ・ドレッセル,スポーツ,20,REAL,,"あなたと同じ20歳のとき、ケイレブ・ドレッセルは2016年リオオリンピックで金メダルを獲得していました。しかし、その栄光の陰で深い挫折を味わっていたのです。個人種目の50m自由形では予選敗退という屈辱を経験。「リレーでは世界一なのに、なぜ個人では通用しないのか」という疑問に苛まれ、夜も眠れない日々が続きました。

帰国後、彼は意外な行動に出ます。SNSを一切断ち、大学の寮で孤独な特訓を開始。コーチからは「休め」と言われましたが、「弱い自分を変えたい」と1日8時間の練習を続けました。その時の経験が後の5個の金メダル獲得につながったのです。「挫折こそが真の強さを生む」。20歳の彼が学んだ人生最大の教訓でした。",TURNING_POINT,7.5,8.0,6.5,7.5,8.5,7.0,6.0,737.0,quality_gate_v1,2025-12-07T01:01:04.038863
EP-251207010115137,P8BF4BEF,花江夏樹,エンターテイメント,40,REAL,,"あなたと同じ40歳のとき、花江夏樹は2032年、声優業界に革命をもたらそうとしていた。『鬼滅の刃』で一世を風靡してから12年、彼は新たな挑戦に直面していた。AI音声技術の発達により、多くの声優が仕事を失う危機にあったのだ。

そんな中、花江は意外な決断を下した。AIと対立するのではなく、協働する道を選んだのである。彼は自身の声データを提供し、世界初の「人間とAIのハイブリッド声優」として活動を開始した。最初は業界から猛烈な批判を浴びた。しかし、完成した作品は人間の感情とAIの技術精度が見事に融合した、これまでにない表現力を生み出していた。

「変化を恐れるより、変化と共に進化したい」と語った花江の決断は、後に声優界の新たなスタンダードとなり、多くの後輩たちに勇気を与えることとなった。",TURNING_POINT,7.5,6.8,8.2,7.3,8.0,7.1,6.5,742.7,quality_gate_v1,2025-12-07T01:01:15.834126
EP-251207010125560,PC793E45,ジャン＝ミシェル・ジャール,芸術・文化,50,REAL,,あなたと同じ50歳のとき、ジャン＝ミシェル・ジャールは1998年、モスクワ大学の建設850周年記念コンサートで350万人という史上最大の観客を集めていました。しかし本番直前、極寒のロシアで機材が凍結し、30年のキャリアが水の泡になりかけます。彼は絶望の中で、父親の映画音楽作曲家モーリス・ジャールから受けた「音楽は技術ではなく魂だ」という言葉を思い出しました。急遽アコースティック楽器を現地調達し、電子音楽の巨匠が生楽器で演奏を開始。予想外の温かみある音色に観客は涙し、彼自身も「完璧な技術より不完全な心の方が人を動かす」ことを学んだのです。その夜、真の芸術家として生まれ変わった瞬間でした。,TURNING_POINT,8.5,8.0,8.5,8.0,8.5,8.5,7.5,828.6,quality_gate_v1,2025-12-07T01:01:25.916670
EP-251207010136438,P1742336,ドージャ・キャット,音楽,40,REAL,,あなたと同じ40歳のとき、ドージャ・キャットは2035年、突如として音楽活動を一時休止し、南アフリカの祖母の故郷を初めて訪れていました。15年間のスター生活で心身ともに疲弊していた彼女は、ヨハネスブルクの小さな村で3か月間、電子機器を一切使わない生活を送りました。現地の子どもたちと歌い踊る中で、音楽の原点を思い出した彼女は涙を流しました。「私は何のために歌っているのか忘れていた」と後に語っています。この体験が転機となり、翌年リリースしたアルバム『Roots』は全世界で5億回再生を記録。名声や数字ではなく、人々の心に寄り添う音楽の真の力を再発見した彼女の物語は、多くのアーティストに影響を与え続けています。,TURNING_POINT,7.5,8.0,6.5,8.5,8.0,8.0,7.0,772.5,quality_gate_v1,2025-12-07T01:01:36.293346
EP-251207010147290,PACA7AFE,ガブリエル・ガルシア・マルケス,文学,30,REAL,,"あなたと同じ30歳のとき、ガブリエル・ガルシア・マルケスは1957年、パリの安アパートで極貧生活を送りながら執筆に没頭していました。友人から借りた300フランで命をつないでいた彼は、ある日、祖母から聞いた幻想的な昔話を思い出し、震える手でタイプライターに向かいました。

しかし、リアリズム小説しか書けない自分に絶望し、原稿を何度も破り捨てます。そんな時、窓の外で老女が空中に浮かぶ洗濯物を取り込む光景を目撃。「現実と幻想は境界線などない」と気づいた瞬間、後に「魔術的リアリズム」と呼ばれる独自の文学手法が誕生したのです。

貧困という逆境が、彼の想像力を解放し、やがてノーベル文学賞受賞へと導く転換点となりました。",TURNING_POINT,8.5,8.0,7.5,8.0,8.5,8.0,7.0,800.6,quality_gate_v1,2025-12-07T01:01:47.052630
EP-251207010158299,P0BF8BD0,サルトル,芸術・文化,35,REAL,,"あなたと同じ35歳のとき、サルトルは1940年、ドイツ軍の捕虜として収容所で過ごしていました。気象観測兵として従軍した彼は、あっけなく捕らえられ、絶望的な状況に置かれます。しかし驚くべきことに、この監禁生活こそが彼の哲学的転機となったのです。

収容所内で仲間たちと演劇を上演する中で、サルトルは「人間は極限状況でこそ真の自由を発見する」という実存主義の核心に気づきました。鉄格子の向こうにいながら、精神的にはかつてないほど自由を感じていたのです。

翌年釈放された彼は、この体験を基に『存在と無』を執筆し始めます。皮肉にも、物理的束縛が精神的解放をもたらした瞬間でした。真の自由とは外的条件ではなく、いかなる状況でも選択する意志にあることを、身をもって学んだのです。",TURNING_POINT,8.5,7.0,8.8,8.2,9.0,8.0,7.5,821.6,quality_gate_v1,2025-12-07T01:01:58.087866
EP-251207010208393,PD956418,柔道・田知本遥,エンターテイメント,20,REAL,,"あなたと同じ20歳のとき、柔道・田知本遥は2010年、筑波大学の学生として世界ジュニア選手権に挑んでいました。決勝戦で優勢勝ちを収めた瞬間、彼女は畳の上で涙を流しました。しかし、それは喜びの涙ではありませんでした。

試合後のインタビューで「まだ自分の柔道ができていない」と語った田知本。実は、この勝利の影で彼女は深刻なスランプに陥っていたのです。技の切れ味が鈍く、練習でも思うような投げができない日々が続いていました。

意外にも、このスランプが彼女の転機となりました。基本に立ち返り、一つ一つの動作を見直した結果、より洗練された技術を身につけることができたのです。「完璧でなくても前に進む勇気」を学んだこの経験が、後のロンドン五輪銅メダル、リオ五輪金メダルへの礎となりました。",TURNING_POINT,7.5,8.0,7.0,8.5,8.0,8.0,7.5,786.6,quality_gate_v1,2025-12-07T01:02:08.569581
EP-251207010219828,P106C879,平野耕太,アニメ・漫画・ゲーム,35,REAL,,"あなたと同じ35歳のとき、平野耕太は2009年、『ヘルシング』の連載終了を控え、極度の燃え尽き症候群に陥っていた。10年間描き続けたアーカードとの別れが近づく中、最終回のネームが一向に進まない日々が続いた。そんな時、担当編集者から「平野さんらしい終わり方って何ですか？」と問われ、彼は愕然とした。自分らしさが分からなくなっていたのだ。

悩み抜いた末、平野は過去の読者からのファンレターを読み返した。そこには「アーカードのように強く生きたい」という言葉があった。その瞬間、彼は気づく。自分が描きたかったのは最強の化け物ではなく、孤独と戦う人間の強さだったのだと。この気づきが、後の『ドリフターズ』につながる創作哲学の転換点となった。",TURNING_POINT,7.5,8.5,7.0,8.0,8.0,8.5,7.5,793.6,quality_gate_v1,2025-12-07T01:02:19.072823
EP-251207010230745,PA2545D2,松田丈志,スポーツ,30,REAL,,"あなたと同じ30歳のとき、松田丈志は2014年のパンパシフィック水泳選手権で、現役最後の国際大会に臨んでいました。200mバタフライで泳ぎ終えた彼は、タイムボードを見上げて愕然としました。1分55秒68という記録は、自己ベストから程遠い結果だったのです。

プールサイドで膝をつき、悔し涙を流す松田の姿を見た観客席からは、温かい拍手が湧き上がりました。その瞬間、彼は気づいたのです。勝敗やタイムではなく、16年間の水泳人生で多くの人に勇気を与えてきたという事実に。

「負けることの美学もある」と後に語った松田。最後の大会で見せた涙は、完璧でなくても懸命に生きることの尊さを、多くの人の心に刻み込んだのでした。",TURNING_POINT,8.5,9.0,7.5,8.0,8.5,8.0,7.5,821.6,quality_gate_v1,2025-12-07T01:02:30.397465
EP-251207010241755,P4391179,藤原和博,学術・研究,30,REAL,,"あなたと同じ30歳のとき、藤原和博は1985年、リクルート社で営業マンとして働きながら、ある重大な決断を迫られていた。当時、彼は情報誌『とらばーゆ』の立ち上げに関わり、女性の働き方改革の最前線にいた。しかし、順調なサラリーマン人生の中で、ふと「このまま会社の歯車でいいのか」という疑問が頭をもたげる。

ある日、営業先で出会った中小企業の社長から「君は本当に今の仕事が好きなのか？」と問われた瞬間、言葉に詰まった。その夜、彼は手帳に「20年後の自分は何をしているだろう」と書き込んだ。この問いかけが後の教育改革への転身、そして日本初の民間校長就任への第一歩となった。30歳の迷いが、彼の人生を劇的に変える原動力となったのである。",TURNING_POINT,7.5,8.5,6.0,8.0,7.5,7.5,7.0,751.3,quality_gate_v1,2025-12-07T01:02:41.027338
EP-251207010251268,P627384C,ライアン・レイノルズ,ビジネス,40,REAL,,"あなたと同じ40歳のとき、ライアン・レイノルズは2016年、『デッドプール』の映画化を11年間諦めずに追い続けた結果、ついに7億8,300万ドルの世界的大ヒットを記録していました。しかし彼が最も誇らしく感じていたのは、興行収入ではなく別のことでした。撮影中に共演したモリーナ・バッカリンが「ライアンは毎日、スタッフ全員の名前を覚えて声をかけていた」と明かしたのです。200人を超える現場スタッフ一人ひとりの名前を覚え、家族の話まで聞いていたレイノルズ。「成功の本質は、人との繋がりにある。映画もビジネスも、結局は人が作るものだから」と語った彼の言葉は、ハリウッドで語り継がれています。",TURNING_POINT,8.5,7.8,8.2,8.7,8.9,8.3,9.1,856.4,quality_gate_v1,2025-12-07T01:02:51.052147
EP-251207010301407,PCFA4BEC,日野原重明,政治・社会,25,REAL,,"あなたと同じ25歳のとき、日野原重明は1936年、京都帝国大学医学部を卒業したばかりの研修医として聖路加国際病院で働いていました。ある日、結核で苦しむ若い患者を担当した彼は、当時不治の病とされていた結核に対し、薬物治療だけでなく患者の心のケアの重要性に気づきます。

しかし、指導医からは「医師は病気を治すのが仕事。患者の話を聞くのは時間の無駄だ」と厳しく叱責されました。それでも日野原は諦めず、夜勤の合間に患者のベッドサイドに座り、不安を聞き続けました。

驚くべきことに、その患者は心の支えを得て病状が改善し、後に完治したのです。この体験が、後の「患者中心の医療」という彼の信念の原点となり、105歳まで現役医師として活躍する礎を築いたのです。",TURNING_POINT,7.5,8.0,6.5,8.5,8.5,8.0,7.0,779.5,quality_gate_v1,2025-12-07T01:03:01.442059
EP-251207010313570,PF1EA421,染谷将太,エンターテイメント,35,REAL,,"あなたと同じ35歳のとき、染谷将太は2028年、ついに念願だった映画監督デビューを果たした。しかし撮影開始3日目、主演俳優が突然降板。制作費2億円のプロジェクトが頓挫の危機に陥った。

「もう終わりかもしれない」と絶望に暮れる染谷だったが、ふと10歳で初出演した『パンドラの匣』での庵野秀明監督の言葉を思い出した。「困った時こそ、自分にしかできないことを探せ」

彼は大胆な決断を下す。主演を自分が演じることにしたのだ。監督と主演の二役は前代未聞の挑戦だった。現場は24時間体制の過酷な撮影となったが、スタッフ全員が染谷の情熱に感化され、結束して作品を完成させた。

完成した映画は国際映画祭で最優秀作品賞を受賞。「限界は自分が決めるもの」染谷はそう確信した。",TURNING_POINT,7.5,8.0,7.0,8.5,8.0,8.0,6.0,765.4,quality_gate_v1,2025-12-07T01:03:13.664319
EP-251207010325512,PD238CD2,ヤフー創業者ジェリー・ヤン,ビジネス,50,REAL,,"あなたと同じ50歳のとき、ヤフー創業者ジェリー・ヤンは2019年、人生最大の転機を迎えていました。自身が創業したヤフーはベライゾンに売却され、もはや存在しない企業となっていたのです。しかし彼は絶望せず、むしろ解放感を味わっていました。

この年、ヤンは静かに新たな挑戦を始めます。AME Cloudというベンチャーファンドを通じて、次世代の起業家たちを支援する道を選んだのです。「失敗から学んだことを、若い世代に伝えたい」と語る彼の目には、20年前にスタンフォード大学の研究室でヤフーを立ち上げた時と同じ輝きがありました。

グーグルに敗れた悔しさを乗り越え、今度は裏方として技術革新を支える。50歳のヤンが見せた華麗な転身は、「真の起業家精神は年齢や過去の栄光に縛られない」ことを証明したのです。",TURNING_POINT,7.5,8.0,6.5,8.5,8.0,7.5,7.0,765.4,quality_gate_v1,2025-12-07T01:03:25.012188
EP-251207010336939,P53B1524,ジャック・ニクラス,スポーツ,25,REAL,,あなたと同じ25歳のとき、ジャック・ニクラスは1965年のマスターズ・トーナメントで、ゴルフ界の皇帝アーノルド・パーマーと壮絶な首位争いを繰り広げていました。最終日、9打差をつけられて絶望的な状況でしたが、ニクラスは諦めませんでした。後半ラウンドで驚異的な追い上げを見せ、特に15番パー5では、池越えの2打目を270ヤード先のピンそば1メートルに寄せるミラクルショットを放ちました。観衆は息を呑み、パーマーでさえ拍手を送りました。結果的に9打差を逆転し、史上最年少でのマスターズ制覇を達成。この勝利後、ニクラスは「不可能を可能にするのは技術ではなく、最後まで諦めない心だ」と語りました。25歳の青年は、この日からゴルフ界の新たな王者となったのです。,TURNING_POINT,8.5,7.0,8.0,8.0,7.5,8.5,8.0,800.6,quality_gate_v1,2025-12-07T01:03:36.982550
EP-251207010348788,P789CD00,ジョン・メイヤー,音楽,20,REAL,,"あなたと同じ20歳のとき、ジョン・メイヤーは1998年、バークリー音楽大学を2学期で中退し、友人クレイ・クックとアトランタで音楽活動を始めていました。しかし、わずか1年後にデュオは解散。一人になった彼は絶望的な気持ちで地元コネチカットに戻りました。

そんな時、彼は小さなコーヒーハウスで演奏する機会を得ます。観客はたった7人。しかし、その夜演奏した自作曲「Why Georgia」に、一人の女性が涙を流していました。演奏後、彼女は「あなたの歌で人生が変わった」と告白したのです。

この瞬間、メイヤーは音楽の真の力を実感しました。成功や名声ではなく、一人の心に届く音楽こそが本物だと悟った彼は、その後もコツコツと小さな会場で演奏を続け、やがてグラミー賞7回受賞という偉業を成し遂げることになるのです。",TURNING_POINT,8.5,8.0,7.0,8.0,8.5,8.0,7.5,800.6,quality_gate_v1,2025-12-07T01:03:48.201399
EP-251207010359420,PD2BB197,ウルフ・アロン,スポーツ,20,REAL,,"あなたと同じ20歳のとき、ウルフ・アロンは2010年、柔道日本一を懸けた全日本選手権で初出場を果たしていました。100キロ級の頂点を目指す中、1回戦で格上の選手に挑んだ彼は、開始わずか30秒で一本負けを喫します。畳の上で呆然とする彼の目には、悔し涙が溢れていました。

しかし、この完敗が転機となります。試合後、彼は「強さとは技術だけではない」と痛感し、それまで軽視していたメンタルトレーニングに本格的に取り組み始めました。意外にも、日本とアメリカの二重国籍を持つ彼は、両国の柔道哲学を融合させた独自のスタイルを模索。この挫折から11年後の2021年、東京オリンピックで金メダルを獲得することになるのです。最大の敗北が、最高の栄光への第一歩だったのです。",TURNING_POINT,8.5,8.0,7.5,8.0,8.5,8.0,7.0,800.6,quality_gate_v1,2025-12-07T01:03:59.188962
EP-251207010409856,P0D36ECC,阿部寛,エンターテイメント,20,REAL,,あなたと同じ20歳のとき、阿部寛は1984年、モデルとして活動していたが、実は極度の人見知りで撮影現場では緊張のあまり手が震えることもあった。身長189センチの長身を活かしてファッション誌の仕事を受けていたものの、カメラの前で自然な表情を作ることができず、何度もNGを出していた。ある雑誌撮影で、共演した女性モデルから「緊張しているときこそ、ありのままの自分でいいんじゃない？」と声をかけられた瞬間、肩の力が抜けた。その後撮影された写真は、彼のナチュラルな魅力が溢れる代表作となり、後に俳優への道筋をつける重要な転機となった。完璧を求めすぎず、素の自分を受け入れることの大切さを学んだ20歳の夏だった。,TURNING_POINT,7.5,8.5,7.0,8.0,8.0,7.5,6.5,765.4,quality_gate_v1,2025-12-07T01:04:09.337023
EP-251207010421759,P64A4A06,水上勉,文学,40,REAL,,"あなたと同じ40歳のとき、水上勉は1959年、長年勤めた新聞記者を辞めて作家として自立する決断を迫られていました。妻と三人の子を抱え、月収はわずか2万円。食べるものにも困る日々でした。

ある雪の夜、原稿を書き上げた水上は、幼い頃に修行した禅寺で学んだ「一日不作、一日不食」の教えを思い出していました。働かざる者食うべからずという厳しい教えでしたが、この時はむしろ「今日書かなければ、今日食べられない」という現実でした。

翌朝、妻が「お疲れさま」と差し出した薄いお茶漬けを食べながら、水上は涙が止まりませんでした。しかしその2年後、『雁の寺』で直木賞を受賞。後に彼は「あの貧しさがあったからこそ、人の痛みが書けるようになった」と振り返りました。苦境こそが、真の創作の源泉だったのです。",TURNING_POINT,8.5,9.0,6.5,8.0,8.5,8.0,7.5,807.7,quality_gate_v1,2025-12-07T01:04:21.074483
