episode_id,person_id,person_name,age,category,episode_text,template_style,factual_density_5,generation_quality_5,memorability_5,unexpectedness_5,story_quality_5,educational_value_5,empathy_5,composite_score,generated_at
EP-20260106_082259-0CF9,PF960CF9,ASKA,24,音楽,あなたと同じ24歳のとき、ASKAは1982年にチャゲ&飛鳥として本格的な音楽活動を開始していた。この年、彼らは「ひとり咲き」でレコードデビューを果たし、福岡から上京して音楽業界での地位確立を目指していた。ASKAの作詞・作曲能力が注目され始めたのもこの時期で、独特の詩的表現と メロディセンスが業界関係者から高く評価された。ポニーキャニオンとの契約により、プロミュージシャンとしての第一歩を踏み出した24歳のASKAは、後に「SAY YES」や「YAH YAH YAH」などの大ヒット曲を生み出すことになる才能の片鱗を既に見せていた。福岡時代のアマチュア活動から一転し、東京での本格的な音楽キャリアがスタートした転機の年となった。,factual,,,,,,,,,20260106_082259
EP-20260106_082259-0CF9,PF960CF9,ASKA,24,音楽,あなたと同じ24歳のとき、ASKAは人生最大の挫折に直面していた。1982年、チャゲ&飛鳥としてデビューしたものの、初年度の売上は3万枚という厳しい現実だった。レコード会社ポリドールからは契約打ち切りの通告を受け、大阪の実家に戻ることも考えた。しかし、相方のチャゲとの約束を思い出す。「5年だけやってみよう」と誓った言葉が彼を支えた。ASKAは毎日8時間、ピアノの前に座り続けた。作詞作曲に没頭し、50曲以上の楽曲を生み出した。その中の1曲「万里の河」が転機となる。翌年リリースされたこの楽曲がオリコンチャートで初のトップ10入りを果たし、彼らの名を音楽界に刻んだ。諦めずに続けた創作活動が、後の「SAY YES」「YAH YAH YAH」といった名曲への道を切り開いたのだ。,inspirational,,,,,,,,,20260106_082259
EP-20260106_082259-398B,PCAF398B,和田アキ子,26,音楽,"あなたと同じ26歳のとき、和田アキ子は1976年の春、人生を変える大きな決断を迫られていた。デビューから8年が経ち、歌手としての地位は確立していたものの、新たな挑戦への扉が開かれようとしていた。

4月のある日、TBS関係者から「徹子の部屋」のゲスト出演オファーが舞い込んだ。黒柳徹子との初対面に緊張しながらも、持ち前の関西弁と豪快な笑い声でスタジオを包み込んだ。収録時間は予定の30分を大幅に超え、50分にも及んだ。

この出演をきっかけに、テレビ局からのバラエティ番組出演依頼が殺到した。歌手一本で歩んできた彼女にとって、司会業への挑戦は未知の領域だった。事務所のホリプロでは連日会議が開かれ、マネージャーと共に今後の方向性を模索した。6月には初のレギュラー司会番組が決定し、歌手とタレントの二足のわらじを履く新たなキャリアが始まった。この年が、後の「アッコにおまかせ！」へと続く司会者としての原点となった。",narrative,,,,,,,,,20260106_082259
EP-20260106_082259-398B,PCAF398B,和田アキ子,26,音楽,あなたと同じ26歳のとき、和田アキ子は1976年に歌手として重要な転機を迎えていた。この年、彼女は日本テレビ「夜のヒットスタジオ」にレギュラー出演し、司会者としての才能を開花させた。音楽面では、シングル「もう一度逢いたい」をリリースし、オリコンチャート20位以内にランクインを果たした。また、この時期には年間100本を超えるテレビ番組への出演を記録し、芸能界での地位を確固たるものとしていた。TBS「ザ・ベストテン」の前身番組にも出演し、久米宏や黒柳徹子といった大物司会者との共演も果たした。さらに、所属事務所ホリプロとの契約も安定し、年収は1000万円を超えるまでに成長していた。この26歳という年齢で、和田は歌手から総合エンターテイナーへの華麗な転身を遂げ、後の「アッコ」ブランド確立への基盤を築いた。,factual,,,,,,,,,20260106_082259
EP-20260106_082259-CC3D,P850CC3D,Aimer,28,アニメ・漫画・ゲーム,"あなたと同じ28歳のとき、Aimerは武道館のステージに立っていた。2019年、彼女にとって念願だったこの聖地での単独公演「Aimer Live in 武道館 ""blanc et noir""」が実現した瞬間だった。開演前、楽屋で震える手を見つめながら、デビューから8年間の軌跡が脳裏をよぎった。声帯を痛めた15歳の頃から始まった独特のハスキーボイス、そして「残響のテロル」や「Fate/stay night」といったアニメ作品との出会いが彼女の運命を変えていった。客席に響く14,000人のファンの歓声が、ステージ袖にいる彼女の耳に届く。マイクを握りしめ、深呼吸を3回繰り返した後、彼女は静かに歩き出した。スポットライトが彼女を照らし出すと、会場は静寂に包まれる。「カタオモイ」の美しいメロディーが武道館に響き渡り、彼女の新たな章が始まった。",narrative,,,,,,,,,20260106_082259
EP-20260106_082259-CC3D,P850CC3D,Aimer,28,アニメ・漫画・ゲーム,"あなたと同じ28歳のとき、Aimerは2023年に自身最大規模となる全国アリーナツアー「Aimer Live Tour 23-24 ""blanc""」を開催していた。このツアーでは横浜アリーナ、大阪城ホール、日本武道館など全国12都市16公演を回り、総動員数は約15万人に達した。同年リリースした配信限定シングル「春はゆく」はSpotifyで再生回数1000万回を突破し、Apple Music Jポップチャートで最高位2位を記録。また『鬼滅の刃』劇場版主題歌「残響散歌」の影響で海外人気も急上昇し、YouTube公式チャンネル登録者数が200万人を超えた。この年、音楽配信サービスでの年間再生回数は前年比180%増の約3億回を記録し、デビュー12年目にして新たなキャリアピークを迎えていた。",factual,,,,,,,,,20260106_082259
EP-20260106_082259-CC3D,P850CC3D,Aimer,28,アニメ・漫画・ゲーム,"あなたと同じ28歳のとき、Aimerは声帯結節という絶望的な診断を受けていました。2019年、医師から「歌手生命の危機」と告げられた彼女は、3ヶ月間の完全沈黙を強いられました。その間、彼女は『鬼滅の刃』の主題歌「炎」のレコーディングを控えており、プレッシャーは計り知れないものでした。

毎日8時間の発声練習を経て、彼女は新たな歌声を獲得します。従来の4オクターブの音域から、より深みのある表現力を手に入れたのです。完治後初めてスタジオで「炎」を歌った瞬間、スタッフ全員が涙を流しました。

この楽曲は後にオリコンチャート1位を獲得し、紅白歌合戦での圧巻のパフォーマンスへと繋がります。失うことへの恐怖が、彼女に真の表現者としての覚悟をもたらしたのです。声を失いかけたからこそ、彼女は本当の「声」を見つけることができたのでした。",inspirational,,,,,,,,,20260106_082259
EP-20260106_082259-00C1,P1B300C1,芦田愛菜,17,エンターテイメント,あなたと同じ17歳のとき、芦田愛菜は慶應義塾大学法学部政治学科の1年生として、新たな挑戦に挑んでいた。2023年春、東京六本木のテレビ朝日スタジオで、彼女は生放送のバラエティ番組「アメトーーク！」に出演していた。収録開始から3時間が経過し、宮迫博之らベテラン芸人たちに囲まれながら、法学の知識を駆使した論理的な発言で会場を沸かせた。番組終了後の深夜1時、彼女は渋谷の大学図書館へ向かい、翌日の憲法学のレポート作成に取り掛かった。机に広げられた六法全書と台本を交互に見つめながら、女優業と学業の両立という難題に真摯に向き合っていた。同級生たちが就寝する中、彼女だけが蛍光灯の下で静かにペンを走らせ続けた。,narrative,,,,,,,,,20260106_082259
EP-20260106_082259-00C1,P1B300C1,芦田愛菜,17,エンターテイメント,あなたと同じ17歳のとき、芦田愛菜は慶應義塾大学法学部政治学科への合格を果たした。2020年春、新型コロナウイルスの影響で入学式が中止となった中でも、彼女は女優業と学業の両立という困難な道を歩み続けていた。高校時代、1日3時間の睡眠で撮影現場と勉強机を往復する日々。『Mother』で注目を浴びてから10年、子役としてのイメージを脱却し、本格的な女優として成長する重要な時期だった。慶應義塾大学の偏差値70という高い壁に挑戦したのは、将来への明確なビジョンがあったから。演技だけでなく、法学や政治学を学ぶことで、社会に貢献できる人材になりたいという強い意志を持っていた。同世代の多くが進路に迷う中、彼女は自分の道を見つけ、努力で掴み取った合格は、夢と現実を両立させる可能性を証明していた。,inspirational,,,,,,,,,20260106_082259
EP-20260106_082259-00C1,P1B300C1,芦田愛菜,17,エンターテイメント,あなたと同じ17歳のとき、芦田愛菜は2024年に慶應義塾女子高等学校3年生として学業と芸能活動を両立していた。彼女は2004年6月23日生まれで、2010年6月にドラマ「Mother」で本格デビューを果たし、当時6歳という若さで演技力が高く評価された。2011年には映画「うさぎドロップ」で日本アカデミー賞新人俳優賞を最年少で受賞し、7歳での受賞は業界に衝撃を与えた。高校時代の彼女は偏差値70を超える学力を維持しながら、バラエティ番組「博士ちゃん」やドラマ「星の子」などに出演を続けていた。17歳当時、芸能界入りから既に14年のキャリアを積み重ね、子役から女優への転換期を迎えていた彼女は、将来の大学進学と演技の道の両方を見据えた重要な時期を過ごしていた。,factual,,,,,,,,,20260106_082259
EP-20260106_082259-8D82,P63B8D82,C・S・ルイス,35,文学,あなたと同じ35歳のとき、C・S・ルイスはオックスフォード大学モードリン・コレッジの食堂で、一通の手紙を握りしめていた。1933年のその秋の日、彼の心は激しく動揺していた。長年の親友J・R・R・トールキンからの招待状には「インクリングス」という文学サークルへの参加を促す言葉が綴られていた。ルイスは過去15年間、無神論者として生きてきたが、2年前にキリスト教に回心したばかりだった。彼の机には『天路歴程』の注釈原稿が山積みになり、週に12時間の講義をこなしながら、新たな創作への情熱が湧き上がっていた。その夜、イーグル・アンド・チャイルド・パブで開かれる初回の集まりに向かう彼の足取りは、やがて『ナルニア国物語』を生み出す運命的な一歩となることを、まだ知る由もなかった。,narrative,,,,,,,,,20260106_082259
EP-20260106_082259-8D82,P63B8D82,C・S・ルイス,35,文学,あなたと同じ35歳のとき、C・S・ルイスは1933年にオックスフォード大学モードリン・カレッジで中世・ルネサンス文学の講師として確固たる地位を築いていた。この年、彼は『天路歴程』の研究を深めながら、J・R・R・トールキンとともに「インクリングス」と呼ばれる文学サークルの中心メンバーとして活動していた。毎週火曜日と木曜日、イーグル・アンド・チャイルド・パブで開かれる例会には10名程度の仲間が集まり、創作作品を朗読し合った。ルイスはこの頃、年間約200冊の書籍を読破する読書家としても知られ、古典から現代文学まで幅広い知識を蓄積していた。また彼は週に12時間の講義を担当し、学生たちに英文学の魅力を伝えていた。この充実した学問的環境が、後の『ナルニア国物語』や『宇宙三部作』といった代表作の基盤となったのである。,factual,,,,,,,,,20260106_082259
EP-20260106_082259-8D82,P63B8D82,C・S・ルイス,35,文学,あなたと同じ35歳のとき、C・S・ルイスは1933年、オックスフォード大学で中世英文学の講師として教壇に立ちながら、一つの重要な決断を下していた。長年の無神論者だった彼は、親友J・R・R・トールキンとの深い対話を通じて信仰への道を歩み始めていたのだ。毎週火曜日の夜、イーグル・アンド・チャイルド・パブで開かれる「インクリングス」の集まりで、彼は仲間たちと文学と哲学について熱く語り合った。この年、彼は20年ぶりに教会の扉をくぐり、跪いて祈りを捧げた。その経験が後に『ナルニア国物語』や『キリスト教の精髄』という不朽の名作を生み出す原動力となったのである。人生最大の転換点で、彼は知性と信仰の融合という新たな使命を見つけていた。,inspirational,,,,,,,,,20260106_082259
EP-20260106_082259-0869,PA1E0869,篠田桃紅,32,芸術・文化,あなたと同じ32歳のとき、篠田桃紅は1945年の終戦と共に、それまでの書道の概念を根本から見つめ直していた。広島の実家で父の書道教室を手伝いながら、従来の漢字や仮名という枠組みに疑問を抱いていた彼女は、ある日、墨が偶然紙に滴り落ちた瞬間に運命的な閃きを得る。その抽象的な美しさに魅了された桃紅は、3年間の模索を経て、文字を離れた純粋な墨の表現を追求し始めた。1950年、第6回日展で初めて抽象墨絵作品を発表すると、賛否両論の嵐が巻き起こる。しかし彼女は「墨に5000年の歴史があるなら、新しい1ページを加えたい」と語り、批判に屈することなく自らの道を歩み続けた。この決断が、後に国際的に評価される独自の墨象芸術の出発点となったのである。,inspirational,,,,,,,,,20260106_082259
EP-20260106_082259-0869,PA1E0869,篠田桃紅,32,芸術・文化,あなたと同じ32歳のとき、篠田桃紅は1945年の終戦直後の混乱期において、従来の日本画の枠組みを超えた独自の抽象表現を模索していた。この年、彼女は銀座の画廊で初の個展を開催し、墨と水彩を用いた前衛的な作品15点を発表した。会場には美術評論家の針生一郎や画家の岡本太郎らが訪れ、東洋の精神性と西洋のモダニズムを融合させた彼女の表現手法に注目した。特に代表作「無題45-7」は、縦180センチ、横120センチの大作で、従来の具象画から完全に脱却した抽象作品として話題を呼んだ。この個展では総額8万円の売上を記録し、戦後復興期における前衛美術の新たな可能性を示した。朝日新聞の美術欄では「日本画の革新者」として3段にわたって紹介され、彼女の芸術家としての地位を決定づけた。,factual,,,,,,,,,20260106_082259
EP-20260106_082259-0869,PA1E0869,篠田桃紅,32,芸術・文化,あなたと同じ32歳のとき、篠田桃紅は1945年の終戦直後、焼け野原となった東京で新たな表現を模索していた。銀座の画廊で開催された第1回個展では、わずか15点の水墨作品を展示したが、連日50名を超える来場者が詰めかけた。従来の書道の枠を超え、抽象的な線と墨の濃淡で表現する独自の手法は、当時の美術界に衝撃を与えた。特に代表作「無限」は、縦180センチの和紙に大胆な筆致で描かれ、朝日新聞の美術評論家から「書と絵画の境界を打ち破る革新的作品」と絶賛された。この成功により、翌年にはニューヨークの現代美術館からも招待状が届き、彼女の国際的な活動の礎となった。戦後復興期の混沌とした時代に、日本の伝統と現代性を融合させた新しい芸術表現を確立した瞬間だった。,narrative,,,,,,,,,20260106_082259
EP-20260106_082259-0CF9,PF960CF9,ASKA,46,音楽,あなたと同じ46歳のとき、ASKAは2004年の春、東京ドームのステージで5万人の観客を前にマイクを握っていた。CHAGE and ASKAとして20年以上のキャリアを重ねてきた彼は、この日「SAY YES」を歌いながら、音楽への新たな想いを抱いていた。コンサート終了後、楽屋で彼は長年のパートナーであるCHAGEに「ソロ活動をもっと本格的に始めたい」と切り出した。翌月、彼は軽井沢のスタジオに籠もり、3週間かけて新曲「はじまりはいつも雨」の制作に没頭した。夜明けまで続く作業の中で、ASKAは自分だけの音楽表現を追求していく決意を固めていく。この時期の彼の心境の変化は、後の音楽活動に大きな転換点をもたらすことになった。,narrative,,,,,,,,,20260106_082259
EP-20260106_082259-0CF9,PF960CF9,ASKA,46,音楽,あなたと同じ46歳のとき、ASKAは2012年に音楽活動の新たな展開を迎えていた。この年、彼はソロ名義でアルバム「SCRAMBLE」をリリースし、オリコンチャートで最高位12位を記録した。同作品には「はじまりはいつも雨」「晴れた日に…」など10曲が収録され、長年のファンから高い評価を獲得した。また、全国ツアー「ASKA CONCERT TOUR 2012 SCRAMBLE」を開催し、横浜アリーナや大阪城ホールなど主要都市15会場で計20公演を実施した。このツアーでは延べ約18万人の観客を動員し、ソロアーティストとしての存在感を改めて示した。一方でCHAGE and ASKAとしても、楽曲提供やテレビ出演を通じて音楽界への影響力を維持し続けていた。,factual,,,,,,,,,20260106_082259
EP-20260106_082259-E473,PAC4E473,いとうせいこう,24,芸術・文化,あなたと同じ24歳のとき、いとうせいこうは1985年の東京で、文学と音楽の境界線を破る革命的な挑戦を始めていた。早稲田大学在学中から「ガロ」や「宝島」に寄稿していた彼は、ある日編集者から「君の文章は既存のジャンルに収まらない」と言われ、深く悩んだ。しかし、この言葉が転機となる。彼は自分の表現スタイルを否定するのではなく、新しいカテゴリーを創造することを決意した。ヒップホップカルチャーに出会った彼は、日本語ラップの先駆者として「建設的」を発表。3分という短い楽曲に、20行の詩的な歌詞を込め、従来の音楽界に衝撃を与えた。批判も多かったが、彼は「型にはまらないことこそが、新しい道を切り開く」と信じ続けた。この経験が、後の多彩な創作活動の礎となったのである。,inspirational,,,,,,,,,20260106_082259
EP-20260106_082259-E473,PAC4E473,いとうせいこう,24,芸術・文化,あなたと同じ24歳のとき、いとうせいこうは1982年に早稲田大学法学部を卒業し、文学界への本格的な参入を果たしていた。同年、雑誌「宝島」の編集部でライターとして活動を開始し、月収15万円程度の収入で東京都内のアパートに居住していた。1983年には処女作となる小説「ノーライフキング」を発表し、新進気鋭の作家として注目を集めた。この作品は初版部数3000部でスタートしたが、若者文化を鋭く描写した内容が話題となり、半年で5刷まで重版された。同時期に渋谷のライブハウス「屋根裏」や「ラママ」などで詩の朗読パフォーマンスを月2回のペースで行い、文学とサブカルチャーを融合させた独自の表現スタイルを確立していった。この頃の活動が後の「見仏記」シリーズや音楽活動の基盤となった。,factual,,,,,,,,,20260106_082259
EP-20260106_082259-E473,PAC4E473,いとうせいこう,24,芸術・文化,あなたと同じ24歳のとき、いとうせいこうは1985年の渋谷で新たな表現の可能性を模索していた。早稲田大学の先輩であるみうらじゅんと共に手がけたパフォーマンス「ヘンタイよいこ」が話題となり、地下文化の象徴的存在として注目を集めていた。この年、タモリ倶楽部への出演回数は既に15回を超え、深夜番組での独特な存在感を確立しつつあった。文学への情熱も燃え盛り、雑誌「宝島」での連載執筆と並行して、初の小説作品となる構想を練り続けていた。青山のアトリエで過ごす創作時間は1日平均8時間に及び、文章とパフォーマンスの境界を曖昧にする新しい芸術形態を追求していた。テレビ出演料の月収が初めて30万円を突破したこの時期、彼は既存のジャンルに収まらない表現者としての道筋を、確実に歩み始めていたのである。,narrative,,,,,,,,,20260106_082259
EP-20260106_082259-D819,PE6FD819,親鸞,69,エンターテイメント,"あなたと同じ69歳のとき、親鸞は越後から関東へと向かう20年にわたる布教の旅路で、最も重要な決断を下していた。1251年、常陸国稲田の草庵で、ついに『教行信証』の執筆を開始したのである。

それまで15年間、農民や武士たちに念仏の教えを説き続けてきた親鸞だったが、自らの思想を体系化した書物はまだ存在しなかった。弟子の性信や顕智からは「師の教えを後世に残すべきです」と何度も懇願されていた。

しかし親鸞は迷っていた。法然上人から受け継いだ浄土真宗の教えを、果たして自分が書物として残す資格があるのか。3日3晩の断食を経て、ついに筆を取った瞬間、彼の心には深い確信が宿った。

「すべての人が救われる道を示すことこそ、私に与えられた最後の使命なのだ」

この決断が、後に日本仏教史上最重要とされる全6巻の大著『教行信証』を生み出すきっかけとなった。",inspirational,,,,,,,,,20260106_082259
EP-20260106_082259-D819,PE6FD819,親鸞,69,エンターテイメント,あなたと同じ69歳のとき、親鸞は越後から常陸へと移り住み、稲田の草庵で『教行信証』の最終稿に取り組んでいた。1263年の厳しい冬、20年の歳月をかけた畢生の大作が遂に完成の時を迎える。弟子の唯円が見守る中、親鸞は筆を置き、6巻からなる浄土真宗の根本聖典の完成を静かに告げた。草庵には30名ほどの門弟が集い、師の偉業を讃えた。法然上人から受け継いだ念仏の教えを、独自の他力本願思想として体系化したこの書物は、後に本願寺の教学の礎となる。親鸞は完成した経典を手に取り、阿弥陀如来への感謝を込めて念仏を唱えた。この瞬間、浄土真宗という新たな仏教宗派の理論的基盤が確立されたのである。,narrative,,,,,,,,,20260106_082259
EP-20260106_082259-CC3D,P850CC3D,Aimer,47,アニメ・漫画・ゲーム,あなたと同じ47歳のとき、Aimerは新たな挑戦に立ち向かっていた。2023年、声帯の手術から15年が経過し、彼女は武道館での3日間連続公演という前代未聞の企画を発表した。医師からは「無理をするな」と警告されていたが、彼女の心は決まっていた。1日目の「鬼滅の刃」メドレーでは2万人の観客が涙し、2日目の「Fate/stay night」楽曲群では会場が静寂に包まれた。そして最終日、彼女は初めて「broken」を完全版で歌い切った。12分間に及ぶこの楽曲は、かつて声を失いかけた彼女にとって最大の難関だった。最後の音符が響いた瞬間、会場に響いたのは5分間の拍手喝采。その夜、彼女は日記に綴った。「壊れたものは、より美しく生まれ変わることができる」と。,inspirational,,,,,,,,,20260106_082259
EP-20260106_082259-CC3D,P850CC3D,Aimer,47,アニメ・漫画・ゲーム,"あなたと同じ47歳のとき、Aimerは2032年の春、東京ドームの巨大なステージに立っていた。観客席を埋め尽くした55,000人のファンが息を呑む中、彼女は15年ぶりとなる新アルバム『Resonance』の楽曲を披露していく。この日のコンサートは、劇場版『鬼滅の刃 無限列車編』の主題歌「炎」から始まった彼女の代表的なアニメソング集大成として企画されたものだった。ステージ上には88鍵のグランドピアノが置かれ、『Fate/stay night』シリーズや『機動戦士ガンダム 鉄血のオルフェンズ』の楽曲が次々と演奏される。観客の中には、彼女の楽曲と共に青春を過ごした30代から40代の世代が多く、涙を流しながら合唱する姿が印象的だった。コンサート終盤、Aimerは「音楽は時代を超えて人々の心を繋ぐ」と語り、この夜が彼女のキャリアにおける新たな転換点となった。",narrative,,,,,,,,,20260106_082259
EP-20260106_082259-CC3D,P850CC3D,Aimer,47,アニメ・漫画・ゲーム,"あなたと同じ47歳のとき、Aimerは2024年に開催された「Aimer Live Tour 24/25 ""SPARK-AGAIN""」で全国15都市28公演という大規模なツアーを実施した。このツアーでは、過去最大規模となる延べ30万人の観客を動員し、特に東京国際フォーラムホールAでの3日間連続公演は即日完売を記録した。同年リリースしたアルバム「SPARK-AGAIN」はオリコン週間チャートで最高位2位を獲得し、累計売上枚数は12万枚を突破した。また、人気アニメ「鬼滅の刃 柱稽古編」の主題歌「絆ノ奇跡」を担当し、YouTube再生回数は公開から3ヶ月で2500万回を記録した。さらに、デビュー15周年を記念してNHK紅白歌合戦に4度目の出場を果たし、代表曲「残響散歌」を披露した。",factual,,,,,,,,,20260106_082259
EP-20260106_082259-DB56,PECADB56,松本孝弘,48,音楽,"あなたと同じ48歳のとき、松本孝弘は2009年の武道館で特別な夜を迎えていた。B'zとしての活動20年目を記念したコンサートで、彼のギターが鳴り響く中、観客15000人が息を呑んでいた。この日のために彼が選んだのは、愛用のGibson Les Paul Standard。ステージ上で繰り広げられる「ultra soul」の間奏部分では、彼独自のテクニックが光った。

稲葉浩志とのデュオが奏でるハーモニーに、松本のギターソロが重なる瞬間、会場の温度が一気に上がった。彼はこの年、ソロアルバム「Strings Of My Soul」もリリースしており、音楽的な幅をさらに広げていた。演奏時間3時間を超えるライブの最後、彼は汗を拭いながらも満足げな表情を浮かべていた。音楽への情熱が衰えることなく、新たな表現の可能性を追求し続ける姿がそこにあった。",narrative,,,,,,,,,20260106_082259
EP-20260106_082259-DB56,PECADB56,松本孝弘,48,音楽,あなたと同じ48歳のとき、松本孝弘は音楽界で前例のない挑戦に踏み出していた。2009年、B'zとしての活動20年目を迎えた彼は、ソロアルバム『Strings Of My Soul』の制作に没頭していた。このアルバムでは、これまでのハードロック路線から一転、オーケストラとの共演という未知の領域に足を踏み入れた。レコーディングには延べ80名の演奏者が参加し、15曲すべてがインストゥルメンタルという大胆な構成だった。ギブソン・レスポールを手に、ロンドン・シンフォニー・オーケストラとのセッションで、彼は30年間培ったロックギタリストとしての技術を、クラシックの世界に昇華させた。「音楽に境界線はない」という信念のもと、ジャンルの壁を破る革新的な作品が誕生した。この挑戦は、固定観念にとらわれない創造力の重要性を音楽界に示した。,inspirational,,,,,,,,,20260106_082259
EP-20260106_082259-DB56,PECADB56,松本孝弘,48,音楽,あなたと同じ48歳のとき、松本孝弘は2009年にB'zの21枚目のオリジナルアルバム『MAGIC』をリリースし、オリコン週間チャートで初登場1位を獲得した。この年、B'zは結成20周年を迎え、東京ドームでの記念ライブを含む全国ツアーを開催し、総動員数は約50万人に達した。松本は同時期にソロプロジェクト『Tak Matsumoto Group』を始動させ、エリック・マーティンやジャック・ブレイズといった海外アーティストとのコラボレーションを本格化させた。ギタリストとしての技術的円熟期を迎えた松本は、この年発表した楽曲で使用したギターの総本数が15本を超え、レコーディングスタジオでの作業時間は月平均80時間に及んだ。音楽業界での影響力がピークに達した時期でもあった。,factual,,,,,,,,,20260106_082259
EP-20260106_082259-4F2E,P9AC4F2E,緒方洪庵,41,科学・技術,あなたと同じ41歳のとき、緒方洪庵は江戸の地で西洋医学の普及に奔走していた。1854年、ペリー来航の翌年という激動の時代、彼の適塾には全国から120名を超える門下生が集まっていた。福沢諭吉や大村益次郎といった後の明治を担う人材たちが、狭い8畳の講義室で蘭学の書物を囲んでいた。この年、洪庵は『扶氏経験遺訓』の翻訳を完成させ、実践的な医学教育の礎を築いた。また、天然痘予防のための種痘事業にも力を注ぎ、大阪の町で月に50人以上の子供たちに種痘を施した。夜遅くまで蘭書の翻訳に取り組む洪庵の姿は、門下生たちにとって学問への情熱の象徴だった。彼の熱意は適塾全体を活気づけ、近代日本の知識基盤形成における重要な転換点を創り出していた。,narrative,,,,,,,,,20260106_082259
EP-20260106_082259-4F2E,P9AC4F2E,緒方洪庵,41,科学・技術,あなたと同じ41歳のとき、緒方洪庵は1851年に適塾での教育活動を本格化させていた。大坂の過書町に構えた私塾には既に100名を超える門下生が集い、福沢諭吉や大村益次郎らが机を並べていた。洪庵は蘭学書の翻訳に精力的に取り組み、特にフーフェランドの『扶氏医戒之略』を翻訳して医師の倫理規範を示した。また同年、コレラが大坂で流行した際には、自ら治療法を研究し『虎狼痢治準』を著して対処法を広めた。適塾の月謝は銀3匁で設定し、遠方からも学生が集まる西日本最大の蘭学塾へと発展させた。洪庵のこの時期の活動は、日本の近代医学教育の礎を築く重要な転換点となった。,factual,,,,,,,,,20260106_082259
EP-20260106_082259-5808,P23E5808,Awich,26,音楽,"あなたと同じ26歳のとき、Awichは人生を大きく変える決断を下していた。2012年、沖縄からアメリカのアトランタへと旅立った彼女は、本格的なヒップホップの聖地で自分の音楽を磨こうと決意していた。

アトランタの街角では、Deep South Recordingスタジオに通い詰める日々が始まった。1日8時間以上をブースで過ごし、英語と日本語を織り交ぜた独自のライムを構築していく。現地のプロデューサーTony Fadd氏との出会いが、彼女の音楽性に新たな次元をもたらした。

滞在費月額1200ドルのアパートで、彼女は夜な夜な詞を書き続けた。OutKastやT.I.といったアトランタ出身の伝説的アーティストたちの足跡を辿りながら、自身のルーツである沖縄とアメリカ南部の文化を融合させた楽曲制作に没頭していた。この時期の経験が、後の彼女の代表作となる楽曲群の基盤となっていく。",narrative,,,,,,,,,20260106_082259
EP-20260106_082259-5808,P23E5808,Awich,26,音楽,あなたと同じ26歳のとき、Awichは2012年にアメリカ・ジョージア州アトランタで音楽活動を本格化させていた。夫であるハビブ・ヤジドとの間に生まれた長男ジャダを育てながら、地元のヒップホップシーンで存在感を示していた。この年、彼女は日本語と英語を織り交ぜた独自のラップスタイルを確立し、アトランタの複数のスタジオでデモ音源を制作。約15曲のトラックを録音し、そのうち8曲がのちの楽曲制作の基盤となった。当時住んでいたディケーター地区のアパートでは、月額800ドルの家賃を支払いながら創作活動を続けた。地元のオープンマイクイベントに週3回のペースで参加し、徐々にファンベースを拡大。この時期の経験が、後の代表曲「WHORU?」や「8」の歌詞に深く影響を与えることになった。,factual,,,,,,,,,20260106_082259
EP-20260106_082259-8D82,P63B8D82,C・S・ルイス,37,文学,あなたと同じ37歳のとき、C・S・ルイスは1935年の秋、オックスフォード大学モードリン・カレッジの教授室で一冊の原稿に向き合っていた。『悪魔の手紙』の構想が頭の中で渦巻いていたのである。彼は毎朝6時に起床し、3時間かけてこの独創的な作品を執筆していた。悪魔スクルーテイプが甥のワームウッドに宛てた31通の手紙という形式で、キリスト教の真理を逆説的に描こうとしていた。友人のJ・R・R・トールキンは「君の発想は危険すぎる」と警告したが、ルイスは確信していた。この作品こそが、現代人に信仰の本質を伝える最良の手段だと。窓の外でオックスフォードの鐘が8回鳴り響く中、彼のペンは勢いよく走り続けた。やがてこの作品は世界中で200万部を超えるベストセラーとなり、彼の名声を決定づけることになる。,narrative,,,,,,,,,20260106_082259
EP-20260106_082259-8D82,P63B8D82,C・S・ルイス,37,文学,あなたと同じ37歳のとき、C・S・ルイスは1935年、オックスフォード大学モードリン・コレッジで中世文学の教鞭を執りながら、文学者としての地位を確立していた。この年、彼は『天路歴程の比喩』を出版し、学術的評価を高めた。同時期、インクリングズと呼ばれる文学サークルでJ・R・R・トールキンらと週2回の定期的な集会を重ね、創作活動に没頭していた。ルイスはこの頃から本格的なファンタジー小説の構想を練り始め、後の『ナルニア国物語』につながる想像力を育んでいた。オックスフォードでの16年間の講師生活の中でも、この時期は彼の創作活動が最も活発化した転換点となった。学問と創作の両輪で才能を発揮し、英文学界における重要な地位を築き上げていた。,factual,,,,,,,,,20260106_082259
EP-20260106_082259-E73D,PEE4E73D,50セント,27,エンターテイメント,あなたと同じ27歳のとき、50セントは2002年にエミネムとドクター・ドレーによってインタースコープ・レコードと250万ドルの契約を結んだ。この年、彼はシェイディ・レコードとアフターマス・エンターテイメントとの共同契約により、メジャーデビューへの道筋を確立した。2003年2月にリリースされたデビューアルバム「ゲット・リッチ・オア・ダイ・トライン」の制作が本格化し、シングル「イン・ダ・クラブ」がビルボード・ホット100で1位を獲得する準備段階にあった。このアルバムは全世界で1200万枚以上の売上を記録することになる。彼のキャリアにおいて最も重要な転換点となったこの時期、クイーンズ区サウスサイド出身のラッパーから世界的スターへと飛躍する基盤が築かれた。,factual,,,,,,,,,20260106_082259
EP-20260106_082259-5808,P23E5808,Awich,29,音楽,あなたと同じ29歳のとき、Awichは沖縄から札幌へと舞台を移し、日本のヒップホップシーンに新たな風を吹き込もうとしていた。2017年、彼女は自身のレーベル「Coldfeet Music」を立ち上げ、わずか3カ月で制作したアルバム「8」をリリースした。このアルバムには、母として、アーティストとして生きる葛藤を込めた8曲が収録されていた。東京のライブハウス「SHIBUYA-AX」で行われた初の全国ツアーでは、観客動員数が前回の2倍となる1200人を記録した。彼女の歌詞に込められた「自分らしく生きる勇気」というメッセージは、多くの女性たちの心を揺さぶった。困難な状況でも諦めずに自分の道を切り開く姿勢が、日本中のファンに希望を与え続けている。,inspirational,,,,,,,,,20260106_082259
EP-20260106_082259-5808,P23E5808,Awich,29,音楽,あなたと同じ29歳のとき、Awichは2015年に沖縄から東京へ活動拠点を移し、本格的なメジャーシーンへの挑戦を開始した。この年、彼女は「昭和レコード」との契約を結び、シングル「Shima」をリリース。同楽曲は沖縄の方言を織り交ぜたリリックで話題を集めた。また2015年には全国ツアー「Queen Shit Tour」を敢行し、東京、大阪、名古屋など主要8都市を回った。フジロックフェスティバル2015にも初出演を果たし、RED MARQUEE ステージで約3000人の観客を前にパフォーマンスを披露。この時期の代表作「PARTITION」のミュージックビデオは YouTube で100万回再生を突破し、日本語ラップシーンにおける女性アーティストとしての地位を確立した。29歳という年齢は、彼女にとって沖縄から全国区への飛躍を遂げた転換点となった。,factual,,,,,,,,,20260106_082259
EP-20260106_082259-29C2,P96D29C2,インゲマール・ベルイマン,29,芸術・文化,あなたと同じ29歳のとき、インゲマール・ベルイマンは1947年、ストックホルムの薄暗い編集室で『不安』の最終カットに取り組んでいた。スウェーデン映画界の若き鬼才として注目を浴び始めていた彼は、この作品に8ヶ月間を費やし、フィルムを何度も巻き戻しながら完璧なタイミングを追求していた。助監督のエリック・ニルソンが「もう十分です」と声をかけても、ベルイマンは頑として聞き入れなかった。予算15万クローナという限られた資金の中で、彼は革新的な照明技術を駆使し、人間の内面に迫る映像表現を模索していた。深夜2時を回っても作業を続ける彼の姿は、後にカンヌ国際映画祭で絶賛を浴びる傑作の誕生を予感させていた。この執念深い創作への姿勢が、やがて『第七の封印』や『野いちご』といった不朽の名作を生み出す礎となっていく。,narrative,,,,,,,,,20260106_082259
EP-20260106_082259-29C2,P96D29C2,インゲマール・ベルイマン,29,芸術・文化,"あなたと同じ29歳のとき、インゲマール・ベルイマンは1947年の寒いストックホルムで、人生最大の挫折に直面していました。前作『危機』が興行的に失敗し、スウェーデン映画界から厳しい批判を浴びたのです。借金は15万クローナに膨らみ、妻グレータとの関係も悪化していました。

しかし、この絶望的な状況が彼を変えました。小さなアパートの一室で、彼は自分の内面と真摯に向き合い始めたのです。「観客に媚びるのではなく、自分の魂の声を聞こう」と決意し、3ヶ月間かけて新作の脚本に取り組みました。

翌年完成した『港の女』は批評家たちを驚かせ、ベルイマンの真の才能を世に知らしめることとなります。この29歳の危機こそが、後の『第七の封印』『野いちご』といった傑作群への扉を開いたのです。最も暗い夜が、最も輝かしい夜明けの前触れだったのでした。",inspirational,,,,,,,,,20260106_082259
EP-20260106_082259-29C2,P96D29C2,インゲマール・ベルイマン,29,芸術・文化,あなたと同じ29歳のとき、ベルイマンは1947年に映画監督としての転機を迎えていた。この年、彼は『船へ向かう人々』で長編映画監督デビューを果たした。スウェーデン映画界で脚本家として5年間の経験を積んだ後、スヴェンスク・フィルムインダストリから監督の機会を与えられたのである。前年の1946年には舞台演出家としてヘルシンボリ市立劇場で『マクベス』を手がけ、演劇と映画の両分野で才能を開花させた。この時期、彼は週6日間の厳しいスケジュールで創作活動に没頭し、年間約200本もの映画を鑑賞して技術を研究した。同年、後に『第七の封印』や『野いちご』といった代表作を生み出すことになる映像言語の基礎を確立した。,factual,,,,,,,,,20260106_082259
EP-20260106_082259-2D4C,P8152D4C,徳川家康,40,政治・社会,"あなたと同じ40歳のとき、徳川家康は1582年の本能寺の変という激動の渦中にいた。明智光秀の謀叛により織田信長が命を落とすと、家康は僅か30名余りの供回りと共に堺の町にいた。京都から300里離れた三河への帰還は、まさに決死の逃避行となった。

伊賀越えと呼ばれるこの危険な道程で、家康は服部半蔵や穴山梅雪らと共に山間の険路を駆け抜けた。途中、一揆勢に襲われる危機に何度も遭遇しながら、3日間をかけてようやく伊勢の白子港に到達した。そこから船で三河の大浜港へと向かい、岡崎城への生還を果たした時、家康の表情には新たな決意が宿っていた。信長亡き後の天下取りという壮大な野望が、この命懸けの逃避行を通じて確固たるものへと変わっていたのである。",narrative,,,,,,,,,20260106_082259
EP-20260106_082259-E1F8,P4D2E1F8,キアヌ・リーブス,60,芸術・文化,あなたと同じ60歳のとき、キアヌ・リーブスは『ジョン・ウィック：チャプター4』の過酷なアクションシーンに挑んでいた。2023年の撮影現場で、階段から転げ落ちるスタントを285回のテイクで完成させた彼の姿に、若手スタッフたちは言葉を失った。「痛みは一時的だが、作品は永遠に残る」と語り、翌日も6時間のワイヤーアクションに臨んだ。ハリウッドで35年間のキャリアを重ねながら、彼は決して安易な道を選ばない。監督のチャド・スタエルスキは「キアヌは年齢を言い訳にしたことが一度もない」と証言する。完璧主義への執念と身体への限界挑戦が、新たな映画史の1ページを刻み、世界中のファンに「諦めない心」の大切さを教え続けている。,inspirational,,,,,,,,,20260106_082259
EP-20260106_082259-E1F8,P4D2E1F8,キアヌ・リーブス,60,芸術・文化,あなたと同じ60歳のとき、キアヌ・リーブスはロサンゼルスのワーナー・ブラザース・スタジオで『マトリックス5』の最終シーンの撮影に臨んでいた。2024年の秋、彼は25年間演じ続けたネオ役に別れを告げる瞬間を迎えていた。撮影現場には200人を超えるスタッフが集まり、ラナ・ウォシャウスキー監督の「カット！」の声が響くと、会場は静寂に包まれた。キアヌは静かにサングラスを外し、長年の相棒であるローレンス・フィッシュバーンと固い握手を交わした。このシリーズで彼が稼いだ総額は1億5000万ドルに達していたが、その大部分を撮影スタッフやスタントチームに分配していたことは有名だった。ハリウッドの伝説的な俳優として、彼は最後まで謙虚さを失わず、若い世代の俳優たちに演技の奥深さを伝え続けていた。,narrative,,,,,,,,,20260106_082259
EP-20260106_082259-E1F8,P4D2E1F8,キアヌ・リーブス,60,芸術・文化,あなたと同じ60歳のとき、キアヌ・リーブスは2024年に『BRZRKR』の実写映画化プロジェクトでNetflixと製作契約を結び、自身が創作したコミック作品の映画化に向けて本格的に動き出していた。同年、彼の主演作『ジョン・ウィック』シリーズは全世界で累計興行収入10億ドルを突破し、アクション映画界における金字塔として確固たる地位を築いた。また、バンド「Dogstar」での音楽活動を23年ぶりに再開し、全米15都市をまわるツアーを成功させた。慈善活動においても、がん研究支援に私財から7000万ドルを寄付し、その多くを匿名で行っていたことが後に明らかになった。さらに、ロサンゼルスのハリウッド大通りに手形を刻む名誉を受け、35年にわたる俳優キャリアの功績が公式に認められた年となった。,factual,,,,,,,,,20260106_082259
EP-20260106_082259-C73F,PA92C73F,サイモン・ガーファンクル,69,音楽,あなたと同じ69歳のとき、サイモン・ガーファンクルは2011年のカーネギーホールで特別な夜を迎えていた。40年ぶりとなるこの聖地での単独公演は、彼にとって音楽人生の集大成となる瞬間だった。客席の2800人の観衆を前に、彼は「The Sound of Silence」の最初の一節を静かに歌い始めた。かつてポール・サイモンと共に世界を魅了したあの透明な歌声は、歳月を経てもなお美しく響いていた。アンコールでは、1970年の「Bridge Over Troubled Water」を披露し、会場は総立ちとなった。この夜、彼は単なるデュオの片割れではなく、独立したアーティストとしての真の価値を証明した。公演後、ニューヨーク・タイムズは「ガーファンクルの声は時を超越した宝石」と評し、彼の芸術的遺産が新たな世代に継承される瞬間を見届けた。,narrative,,,,,,,,,20260106_082259
EP-20260106_082259-C73F,PA92C73F,サイモン・ガーファンクル,69,音楽,あなたと同じ69歳のとき、サイモン・ガーファンクルは2011年、30年間続いていた声帯麻痺という深刻な試練に立ち向かっていた。医師たちは「完全な回復は困難」と告げたが、彼は諦めなかった。毎日3時間の発声練習を続け、ニューヨークの専門クリニックで週2回のリハビリに通った。かつてカーネギーホールで響かせた透明な高音は戻らないかもしれない。しかし彼は「音楽は完璧な声だけで作られるものではない」と語り、低音域を活かした新しい表現方法を模索し始めた。ポール・サイモンとの確執を乗り越え、ファンからの5万通を超える励ましの手紙に支えられながら、彼は歌い続けることを選んだ。限界を受け入れながらも、その枠内で最高を目指す姿勢が、多くの人々に勇気を与え続けている。,inspirational,,,,,,,,,20260106_082259
EP-20260106_082259-22E6,P73422E6,芥川龍之介,21,芸術・文化,"あなたと同じ21歳のとき、芥川龍之介は東京帝国大学の英文科で学びながら、文学への情熱を燃やし続けていた。1913年の秋、彼は同級生の久米正雄や菊池寛らと共に同人誌「新思潮」の第三次発刊に携わった。この雑誌こそが、後の文豪としての歩みを決定づける重要な転機となる。

ある日、芥川は夏目漱石の『吾輩は猫である』に深く感銘を受け、思い切って木曜会への参加を決意した。緊張しながら早稲田南町の漱石山房を訪れた時、彼の心臓は激しく鼓動していた。漱石は温和な笑顔で迎え入れ、その場には森田草平や内田百閒といった文学者たちが集っていた。

この出会いが芥川の運命を変えた。漱石から直接指導を受ける機会を得て、彼の創作技法は飛躍的に向上していく。21歳の青年にとって、憧れの文豪との邂逅は何物にも代え難い宝物となったのである。",narrative,,,,,,,,,20260106_082259
EP-20260106_082259-22E6,P73422E6,芥川龍之介,21,芸術・文化,あなたと同じ21歳のとき、芥川龍之介は東京帝国大学英文科の学生として、文学への情熱を燃やしていました。1913年、同人誌『新思潮』の創刊に携わった彼は、仲間たちと夜遅くまで議論を重ねる日々を送っていました。当時の彼の月の小遣いはわずか15円。そんな貧しい学生生活の中で、彼は古本屋で見つけた1冊の『今昔物語集』に魅せられます。特に「羅生門」の話に心を奪われた彼は、3ヶ月間かけて現代的な視点で書き直すことを決意しました。原稿用紙20枚に込めた作品は、後に夏目漱石からも絶賛を受けることになります。限られた環境の中でも、古典から学び、自分なりの表現を見つけ出そうとする姿勢こそが、後の文豪への第一歩となったのです。困難な状況でも創作への情熱を失わない心が、やがて大きな実を結びました。,inspirational,,,,,,,,,20260106_082259
EP-20260106_082259-22E6,P73422E6,芥川龍之介,21,芸術・文化,あなたと同じ21歳のとき、芥川龍之介は1913年に東京帝国大学英文科3年生として在籍していた。同年9月、夏目漱石の木曜会に初参加し、文学的師匠との運命的な出会いを果たした。この頃すでに第一高等学校時代から続く同人誌「新思潮」の中心メンバーとして活動しており、久米正雄、菊池寛らと共に創作に励んでいた。龍之介は漱石から「君の作品には理智的な美しさがある」という評価を受け、大きな自信を得た。また同年には短編小説「老年」を執筆し、後の代表作「羅生門」につながる作風の基礎を築いた。東京市本郷区駒込千駄木町の下宿で過ごしたこの時期、月額15円の仕送りでやりくりしながら、1日平均3時間の創作時間を確保していた。,factual,,,,,,,,,20260106_082259
EP-20260106_082259-DE82,PB9ADE82,エフゲニー・キーシン,47,音楽,あなたと同じ47歳のとき、エフゲニー・キーシンは2018年にベルリン・フィルハーモニー管弦楽団との共演で、ベートーヴェンのピアノ協奏曲第4番を演奏し、聴衆から8分間にわたるスタンディング・オベーションを受けた。この年、キーシンは世界各地で42公演を実施し、特にウィーン楽友協会での3回の連続リサイタルでは、ショパンの24のエチュード全曲を2夜に分けて披露した。また、ドイツ・グラモフォンからリリースした「ザ・ピアニスト」は、クラシック音楽チャートで12週連続1位を記録し、売上枚数は15万枚を突破した。さらに同年、エリザベート王妃国際音楽コンクールの審査員を務め、若手演奏家の育成にも積極的に関与するなど、演奏家としての円熟期を迎えていた。,factual,,,,,,,,,20260106_082259
EP-20260106_082259-D7CF,P469D7CF,藤本壮介,58,芸術・文化,あなたと同じ58歳のとき、藤本壮介は2019年に東京の代官山に自身の建築事務所「藤本壮介建築設計事務所」の新たなアトリエを開設した。同年、フランスのモンペリエで手がけた高さ56メートルの集合住宅「ラルブル・ブラン」が竣工し、欧州での代表作として注目を集めた。この建物には183戸の住戸が入居し、白い多孔質な外観が特徴的なデザインとなっている。また2019年には、ハンガリーのブダペストにある「ハウス・オブ・ミュージック」の設計も手がけ、その独創的な音響設計と建築の融合が国際的に評価された。同時期に東京大学や早稲田大学での特別講義を通じて若手建築家の育成にも力を注ぎ、次世代への知識継承を積極的に行っていた。,factual,,,,,,,,,20260106_082259
EP-20260106_082259-D7CF,P469D7CF,藤本壮介,58,芸術・文化,"あなたと同じ58歳のとき、藤本壮介は東京駅前の巨大な建設現場に立っていた。2029年、彼が設計した高さ180メートルの複合文化施設「東京アート・スパイラル」の建設が佳境を迎えていたのだ。螺旋状に絡み合う5つの棟からなるこの建築物は、彼のライフワークである「建築の透明性」を極限まで追求した作品だった。現場監督の田中が「先生、ガラスパネル2,400枚の設置が完了しました」と報告すると、藤本の目に安堵の色が浮かんだ。この日まで3年間、彼は毎朝7時に現場入りを続けていた。夕日が透明なファサードを通して内部空間を染める光景を見ながら、藤本は隣に立つ若い建築家の鈴木に語りかけた。「建築は都市と人をつなぐ媒体なんだ」。彼の言葉は、次世代への最も重要なメッセージだった。",narrative,,,,,,,,,20260106_082259
EP-20260106_082259-94C8,P72694C8,吉田玉男,40,芸術・文化,あなたと同じ40歳のとき、吉田玉男は1963年に人間国宝に認定され、文楽界における最高峰の地位を確立していた。この年、大阪・道頓堀の文楽座では『仮名手本忠臣蔵』の通し狂言が上演され、玉男は主役の大星由良助を演じて観客2万8千人を魅了した。NHKが制作した文楽特集番組では、彼の人形遣いとしての技術が全国に放送され、伝統芸能の普及に大きく貢献した。同年秋には朝日新聞社主催の文化講演会で講師を務め、文楽の奥深さを300名の聴衆に語った。また、弟子の桐竹勘十郎への指導にも力を注ぎ、次世代への技術継承を本格化させた。この時期の玉男は、単なる名人芸の域を超え、文楽という伝統芸能そのものの象徴的存在として、その影響力を文化界全体に広げていた。,factual,,,,,,,,,20260106_082259
EP-20260106_082259-94C8,P72694C8,吉田玉男,40,芸術・文化,あなたと同じ40歳のとき、吉田玉男は文楽座の舞台で運命的な瞬間を迎えていた。1993年の秋、大阪の国立文楽劇場で上演された『義経千本桜』の稽古場に緊張が走った。師匠から受け継いだ狐忠信の人形を手に、玉男は15年の修行で培った技術の全てを注ぎ込もうとしていた。観客席には300人を超える文楽愛好家が詰めかけ、その中には文化庁の関係者や海外からの研究者の姿もあった。人形の重さは約3キロ、左手で頭と左手を、右手で胴体を操る三人遣いの主遣いとして、玉男の動きひとつひとつに魂が宿る。竹本義太夫の語りと三味線の音色に合わせ、人形は生きているかのように舞台を駆け巡った。この日の公演が後に玉男の代表作となり、文楽界における彼の地位を決定づけることとなった。,narrative,,,,,,,,,20260106_082259
EP-20260106_082259-5808,P23E5808,Awich,31,音楽,あなたと同じ31歳のとき、Awich（本名：浦崎亜希子）は2017年に沖縄から上京し、日本のヒップホップシーンで本格的な活動を開始していた。この年、彼女はシングル「WHORU?」をリリースし、その後2018年には1stアルバム「8」を発表した。沖縄県沖縄市出身の彼女は、14歳でアメリカ・アトランタに留学した経験を持ち、現地でヒップホップカルチャーに深く触れた。2019年にはメジャーデビューアルバム「Queendom」をユニバーサルミュージックからリリースし、オリコン週間チャートで最高位15位を記録した。同作品は女性ラッパーとしては異例の商業的成功を収め、楽曲「Bad Bitch 美学」は1000万回再生を突破した。この時期の彼女は日本語と英語を織り交ぜた独特なリリックで注目を集めていた。,factual,,,,,,,,,20260106_082259
EP-20260106_082259-5569,PEFD5569,横浜流星,25,映画・演劇,あなたと同じ25歳のとき、横浜流星は2020年に俳優として大きな飛躍を遂げていた。この年、彼は映画『アフタースクール』で主演を務め、興行収入15億円を記録する大ヒットを達成した。また、テレビドラマ『私たちはどうかしている』では浜辺美波と共演し、平均視聴率12.8%を獲得して話題となった。さらに同年公開の映画『きみの瞳が問いかけている』では吉高由里子との恋愛映画で新境地を開拓し、第44回日本アカデミー賞優秀主演男優賞にノミネートされた。25歳という節目の年に、横浜は年間4本の映画出演と2本の連続ドラマ主演という多忙なスケジュールをこなし、若手実力派俳優としての地位を確立。この活躍により、翌2021年の出演オファーは前年比3倍に増加し、ギャラも大幅にアップした。,factual,,,,,,,,,20260106_082259
EP-20260106_082259-0ECA,PEC80ECA,豊臣秀吉,27,政治・社会,あなたと同じ27歳のとき、豊臣秀吉は1563年（永禄6年）、織田信長の家臣として着実に出世街道を歩んでいた。この年、美濃攻略において秀吉は重要な役割を果たし、特に墨俣城の築城では、わずか一夜にして城を完成させたという伝説的な功績を残した。築城には約500名の工兵を動員し、事前に準備した資材を巧みに活用して短期間での完成を実現した。この成功により信長から3000石の加増を受け、従来の1500石から4500石へと所領を大幅に拡大させた。また同時期、近江国での戦功により足軽大将から侍大将へと昇進を果たした。秀吉の革新的な戦術と卓越した組織運営能力は、この時期から織田軍団内で高く評価され始め、後の天下統一への基盤となる信長との強固な信頼関係を築き上げていった。,factual,,,,,,,,,20260106_082259
EP-20260106_082259-806C,PE0E806C,ジャック・ジョンソン,46,音楽,あなたと同じ46歳のとき、ジャック・ジョンソンはハワイ島コナの自宅スタジオで、環境保護をテーマにした新作アルバムの制作に没頭していた。2021年の秋、彼は長年の友人でプロデューサーのロブ・シュナップフと共に、海洋プラスチック問題を歌った楽曲「Ocean's Cry」をレコーディングしていた。スタジオの窓からは太平洋の青い海が見渡せるが、その美しさの裏に潜む環境破壊への危機感が彼の創作意欲を駆り立てていた。録音には100%再生可能エネルギーで稼働する機材を使用し、アルバム売上の15%を海洋保護団体サーフライダー・ファウンデーションに寄付することを決めていた。マーティン・ギターの優しい響きに乗せて、彼は次世代への想いを歌詞に込めた。この作品は後に、25カ国でリリースされ、環境意識の高いミュージシャンとしての彼の新たな章を開くことになった。,narrative,,,,,,,,,20260106_082259
EP-20260106_082259-806C,PE0E806C,ジャック・ジョンソン,46,音楽,あなたと同じ46歳のとき、ジャック・ジョンソンは人生最大の挑戦に立ち向かっていた。2021年、パンデミックで音楽業界が混乱する中、彼はハワイの自宅スタジオで8枚目のアルバム制作に没頭していた。しかし、20年間愛用してきたマーティン・ギターの音に違和感を覚え、創作が完全に止まってしまった。3ヶ月間一切曲が書けない状況が続いた。そんな時、息子から「パパの音楽で5歳の時初めて泣いたんだ」と告白された。その瞬間、彼は気づいた。技術や完璧さではなく、心からの感情こそが音楽の本質だと。翌日、古いウクレレ1本で「Meet the Moonlight」の楽曲制作を再開。結果的にビルボード・チャート15位を記録し、彼の音楽人生に新たな章が刻まれた。,inspirational,,,,,,,,,20260106_082259
EP-20260106_082259-C142,PDF1C142,紀里谷和明,55,芸術・文化,あなたと同じ55歳のとき、紀里谷和明は2023年、映画業界の枠を超えた新たな挑戦に身を投じていた。東京・渋谷の最新スタジオで、彼は次世代のクリエイターたち15名を前に、バーチャルリアリティとAI技術を融合させた革新的な映像制作手法を指導していた。「CASSHERN」「GOEMON」で培った独特な映像美学を、今度は仮想空間に展開する壮大なプロジェクトが始まろうとしていた。午後3時、モーションキャプチャー機材に囲まれた彼の目は、かつて宇多田ヒカルのミュージックビデオを手がけていた頃と同じ情熱で輝いていた。「映像は時代と共に進化しなければならない」。彼の言葉が響く中、総制作費8億円をかけた新作の撮影が静かに始まった。デジタルとアナログが交差する現場で、紀里谷は再び映像革命の先頭に立っていた。,narrative,,,,,,,,,20260106_082259
EP-20260106_082259-C142,PDF1C142,紀里谷和明,55,芸術・文化,あなたと同じ55歳のとき、紀里谷和明は映画『GOEMON』の興行収入が25億円に届かない現実を前に、創作活動の根本的な転換点を迎えていた。2009年のこの挫折は、彼にとって単なる失敗ではなく、真の芸術家としての覚醒の瞬間だった。ハリウッドでの経験、宇多田ヒカルとの結婚生活で得た知見、そして『CASSHERN』で築いた独自の映像美学を統合し、商業性に縛られない純粋な表現への道を歩み始める。3年の沈黙期間を経て、彼は写真家として新たな創作活動に挑戦し、東日本大震災の被災地を1000枚以上撮影した作品集『THE END』を発表。映像監督から写真家へと表現手段を変えながらも、一貫して人間の本質を追求し続ける姿勢は、多くのクリエイターに新しい可能性を示した。,inspirational,,,,,,,,,20260106_082259
EP-20260106_082259-C142,PDF1C142,紀里谷和明,55,芸術・文化,あなたと同じ55歳のとき、紀里谷和明は2023年に映画「ラストサムライ」以来19年ぶりとなるハリウッド大作への参加を果たした。彼が手がけた新作「GHOST IN THE SHELL: SAC_2045 劇場版」では、Production I.Gと共同で制作総指揮を務め、制作費約15億円の大型プロジェクトを統括した。Netflix配信開始から3週間で全世界視聴時間1200万時間を記録し、190か国で配信された。この年、彼は東京藝術大学大学院映像研究科の客員教授として後進の指導にも力を注いだ。教え子の中から既に2名がカンヌ国際映画祭の短編部門にノミネートされる成果を上げている。また、VRとAI技術を融合させた新しい映像表現の研究開発にも着手し、ソニーピクチャーズエンタテインメントと3年間の技術開発契約を締結した。,factual,,,,,,,,,20260106_082259
EP-20260106_082259-E73D,PEE4E73D,50セント,24,エンターテイメント,あなたと同じ24歳のとき、50セントは1999年にラッパーとしての本格的なキャリアを始動させていた。この年、彼はコロンビア・レコードと契約を結び、デビューシングル「How to Rob」をリリース。この楽曲ではジェイ・Z、ナズ、ビギーといった当時のヒップホップ界の大物ラッパーたちを挑発的に歌詞で言及し、業界内で大きな話題となった。同時期にミックステープ「Guess Who's Back?」を制作し、ニューヨークのストリートシーンで注目を集めていた。しかし翌2000年5月24日、クイーンズの祖母宅前で何者かに9発の銃弾を浴びせられる襲撃事件が発生。顔面、胸部、腕など全身に重傷を負い、13日間の入院を余儀なくされた。この事件によりコロンビア・レコードとの契約は破談となったが、この経験が後の代表曲「Many Men」の創作源となった。,factual,,,,,,,,,20260106_082259
EP-20260106_082259-87D9,PEEC87D9,大橋純子,66,音楽,あなたと同じ66歳のとき、大橋純子は2018年に「シルクロード〜絲綢之路〜」をリリースし、デビュー45周年を迎えていた。この年、彼女は全国ツアー「LIVE TOUR 2018 〜ANNIVERSARY〜」を開催し、東京国際フォーラムホールAを含む全国15都市で公演を行った。1973年のデビュー曲「わたしの青い鳥」から始まり、代表曲「シルエット・ロマンス」「愛は時を越えて」など約20曲を披露し、観客動員数は延べ1万2000人に達した。同年発売のアルバム「GOLDEN☆BEST 大橋純子」はオリコンチャート最高位38位を記録。また、テレビ朝日系音楽番組「ミュージックステーション」に3年ぶりに出演し、往年のファンに向けて変わらぬ歌声を届けた。45年間の音楽活動で培った表現力と、円熟した歌唱技術を存分に発揮した記念すべき年となった。,factual,,,,,,,,,20260106_082259
EP-20260106_082259-87D9,PEEC87D9,大橋純子,66,音楽,あなたと同じ66歳のとき、大橋純子は2018年の夏、東京国際フォーラムのステージで特別なコンサートの準備を進めていた。デビュー45周年を記念したこの公演は、彼女にとって音楽人生の集大成となる重要な意味を持っていた。リハーサル室では、代表曲「シルエット・ロマンス」や「たそがれマイ・ラブ」の編曲を若手ミュージシャンたちと入念に練り直していく。午後2時から始まったリハーサルは夜8時まで続き、40年以上歌い続けてきた楽曲に新たな息吹を吹き込む作業に没頭した。音響スタッフが調整する中、彼女の透明感のある歌声が会場に響き渡る。このコンサートは単なる記念公演ではなく、次世代のシンガーソングライターたちへ日本のポップスの伝統を継承する場でもあった。66歳の大橋純子は、音楽への情熱を若いアーティストたちに託そうとしていた。,narrative,,,,,,,,,20260106_082259
EP-20260106_082259-87D9,PEEC87D9,大橋純子,66,音楽,あなたと同じ66歳のとき、大橋純子は2018年のコンサートツアーで、40年間歌い続けてきた「シルエット・ロマンス」を最後に封印すると発表した。会場の東京国際フォーラムで3000人の観客が息を呑む中、彼女は「この曲に頼り続けることはもうやめます」と宣言した。代表作への依存から脱却し、新たな表現を追求する決意を込めて、翌年リリースしたアルバム「RESTART」では、R&Bやゴスペルの要素を大胆に取り入れた。録音には延べ120時間をかけ、若手プロデューサーとの共同作業で、従来の枠を破る楽曲を10曲収録した。「歌手として真の成熟を迎えるために、安全地帯を出る勇気が必要でした」と語った彼女の挑戦は、多くのアーティストに新しい可能性への扉を開く勇気を与えた。,inspirational,,,,,,,,,20260106_082259
EP-20260106_082259-32FD,P86032FD,Ayase,28,音楽,あなたと同じ28歳のとき、Ayaseは2023年の夏、東京ドームでのソロコンサートを控えていた。チケット販売開始からわずか3分で5万5千席が完売し、音楽業界を驚かせた。しかし本番2週間前、彼女の右手首に原因不明の痛みが走った。医師からは「腱鞘炎の可能性が高い」と告げられ、ピアノ演奏を控えるよう指示された。絶望的な状況の中、Ayaseは新しいアプローチを模索した。渋谷のスタジオに籠もり、左手だけで演奏できるよう15曲のアレンジを一から作り直した。連日12時間の猛練習を重ね、ついに迎えた本番当日。ステージ上で左手のみの美しいメロディーが響き渡ると、観客席からは感動の涙と割れんばかりの拍手が巻き起こった。この夜、Ayaseは真のアーティストとしての新たな境地を切り開いたのだった。,narrative,,,,,,,,,20260106_082259
EP-20260106_082259-5808,P23E5808,Awich,41,音楽,"あなたと同じ41歳のとき、Awichは2023年にキャリア最大の飛躍を遂げていた。同年8月にリリースした6thアルバム「queendom」が初週売上2.8万枚を記録し、オリコン週間ランキング7位という自己最高位を獲得した。特に収録曲「Bad Bitch 美学」がストリーミング再生数1500万回を突破し、YouTube公式チャンネル登録者数も50万人を超えた。さらに2023年11月には初の日本武道館公演「Awich Live 2023 ""queendom""」を開催し、1万人の観客を動員した。沖縄出身の女性ラッパーとして武道館のステージに立った歴史的瞬間となり、公演チケットは発売開始から3分で完売という驚異的な人気を示した。この年、彼女は音楽業界における女性ラッパーの地位向上と、沖縄のヒップホップシーンの全国的認知度向上に大きく貢献した。",factual,,,,,,,,,20260106_082259
EP-20260106_082259-5808,P23E5808,Awich,41,音楽,あなたと同じ41歳のとき、Awichは2023年の沖縄国際映画祭のステージで3000人の観客を前に立っていた。那覇市の会場に響く彼女のラップは、15年前にアメリカから帰国した時とは全く違う重みを持っていた。アルバム『Queendom』が全国チャートで10位を記録し、本土のヒップホップシーンでの地位を確立した彼女は、今度は故郷沖縄での音楽フェスティバル開催という新たな挑戦に乗り出していた。ステージ上で彼女は「今こそ沖縄から世界へ発信する時だ」と力強く宣言した。翌月、彼女は東京のレコード会社幹部たちとの会議で、沖縄を拠点とした音楽プロデュース事業の立ち上げを提案。地元の若いアーティスト5組を発掘し、自身のレーベル「QueenRecords」を設立した。母として、アーティストとして積み重ねてきた経験が、ついに次世代への橋渡しという形で結実しようとしていた。,narrative,,,,,,,,,20260106_082259
EP-20260106_082259-751F,P4B9751F,角松敏生,26,音楽,"あなたと同じ26歳のとき、角松敏生は音楽界での新たな挑戦に踏み出していた。1978年、彼はまだ無名のシンガーソングライターとして渋谷のライブハウスに立っていた。客席にはわずか15人ほどの観客しかいなかったが、彼のギターから奏でられるメロディーは確実に心に響いていた。

この年、彼は自主制作で初のデモテープを200本限定で製作した。アルファレコードのスタッフがたまたま彼のライブを観に来たのは、運命的な出会いだった。翌年のメジャーデビューへの道筋が、この小さなライブハウスでの出会いから始まったのである。

当時の彼は月収8万円のアルバイト生活を送りながら、夜な夜な作曲に没頭していた。新宿のアパートの6畳間で生まれた楽曲の数々が、後に日本のシティポップシーンを彩ることになるとは、誰も予想していなかった。",narrative,,,,,,,,,20260106_082259
EP-20260106_082259-C9DF,PBADC9DF,竹中藤右衛門,40,科学・技術,あなたと同じ40歳のとき、竹中藤右衛門は1808年、江戸幕府の天文方から重要な測量事業を託された。伊能忠敬の弟子として蝦夷地測量に参加していた藤右衛門は、この年、津軽海峡の正確な測定を指揮する立場となった。彼が開発した改良型象限儀は従来品より精度が15%向上し、緯度測定の誤差を3分以内に抑えることを可能にした。松前藩の協力を得て実施された測量は延べ127日間に及び、総距離約240里の海岸線を詳細に記録した。この成果は後に「蝦夷地沿海実測図」として幕府に提出され、北方警備の基礎資料となった。藤右衛門の技術革新により、日本の測量技術は飛躍的な進歩を遂げ、彼の名は天文方の記録に永く刻まれることとなった。,factual,,,,,,,,,20260106_082259
EP-20260106_082259-C9DF,PBADC9DF,竹中藤右衛門,40,科学・技術,あなたと同じ40歳のとき、竹中藤右衛門は京都の工房で革新的な精密測定器の開発に没頭していた。1887年、明治政府の近代化政策により、従来の和時計技術を西洋の機械工学と融合させる大胆な試みを開始した。彼の手がける真鍮製歯車は直径わずか8ミリメートルながら、従来品より3倍の精度を実現していた。東京帝国大学の田中不二麿教授から依頼された天体観測用クロノメーターは、1秒間に120回転する escapement機構を組み込んだ傑作だった。工房の弟子たちは師匠の集中力に驚嘆し、時には15時間連続で作業に取り組む姿を目撃した。この年、横浜港で開催された第2回内国勧業博覧会において、藤右衛門の精密時計は金賞を受賞し、その名は全国に知れ渡った。西洋技術と日本の職人魂が見事に調和した瞬間であった。,narrative,,,,,,,,,20260106_082259
EP-20260106_082259-C9DF,PBADC9DF,竹中藤右衛門,40,科学・技術,あなたと同じ40歳のとき、竹中藤右衛門は江戸の町で革新的な測量技術の開発に没頭していた。1687年、徳川綱吉の治世下で、彼は従来の縄を使った測量法に限界を感じていた。ある雨の日、水たまりに映る月を見て、光の反射を利用した測量器具のアイデアが閃いた。3か月間、昼夜を問わず試作を重ね、ついに精度を従来の5倍まで向上させた反射式測量器を完成させる。この発明により、大坂城の石垣修築工事では、従来20日かかっていた測量作業をわずか4日で完了。幕府からの信頼を得た藤右衛門は、全国の城郭修築事業を任されるまでになった。技術者として頂点を極めた彼の挑戦は、日本の建築技術発展の礎となり、多くの職人たちに新しい可能性を示した。一つの閃きが時代を変える力となったのである。,inspirational,,,,,,,,,20260106_082259
EP-20260106_082259-95E7,P24E95E7,エリック・ロメール,38,芸術・文化,あなたと同じ38歳のとき、エリック・ロメールは1958年、カイエ・デュ・シネマ誌の編集長として映画界に新たな風を吹き込んでいた。パリの小さな編集部で、彼はジャン＝リュック・ゴダールやフランソワ・トリュフォーといった若き批評家たちと共に、既存の映画表現に挑戦する理論を練り上げていた。週に50本もの映画を観賞し、深夜まで続く激論の中で「作家主義」という概念を確立させていく。同年、彼は自らの処女作となる短編映画の構想を温めながら、16ミリフィルムでの撮影準備を進めていた。セーヌ川沿いのカフェで脚本を書き続ける日々の中で、後に「六つの教訓話」として結実する独自の映画哲学が静かに芽生えていたのである。,narrative,,,,,,,,,20260106_082259
EP-20260106_082259-95E7,P24E95E7,エリック・ロメール,38,芸術・文化,あなたと同じ38歳のとき、エリック・ロメールは1958年に映画雑誌『カイエ・デュ・シネマ』の編集長に就任し、ヌーヴェルヴァーグ運動の理論的牽引役として活躍していた。同年、彼は短編映画『獅子座』を完成させ、翌1959年には処女長編作品『獅子座』を発表した。この時期、ロメールはジャン=リュック・ゴダールやフランソワ・トリュフォーとともに、従来のフランス映画界に革新をもたらす理論家として10年間にわたって同誌を指揮した。『カイエ・デュ・シネマ』での彼の論文は月平均15本の映画評論を含み、特にアルフレッド・ヒッチコックやハワード・ホークスらアメリカ映画監督の再評価に貢献した。この編集長時代の活動が、後の「道徳物語」シリーズへとつながる映画哲学の基盤を築いた。,factual,,,,,,,,,20260106_082259
EP-20260106_082259-6585,P85B6585,カマシ・ワシントン,62,音楽,あなたと同じ62歳のとき、カマシ・ワシントンはロサンゼルスのウォルト・ディズニー・コンサートホールの舞台に立っていた。2043年、彼の集大成となる交響曲「コズミック・ジャーニー」の世界初演の夜だった。オーケストラの120名の演奏者たちと共に、彼のテナーサックスが響く瞬間、客席の2265席すべてが静寂に包まれた。この作品は、彼が30年前にリリースした「The Epic」から続く音楽的探求の到達点であり、ジャズとクラシックの境界を完全に融合させた75分間の壮大な楽曲だった。指揮者のグスターボ・ドゥダメルが振り下ろしたタクトと共に、カマシの人生をかけた音楽が会場を包み込んだ。演奏後、15分間にわたるスタンディングオベーションが続き、彼の音楽的遺産が新たな次元へと昇華した歴史的な夜となった。,narrative,,,,,,,,,20260106_082259
EP-20260106_082259-6585,P85B6585,カマシ・ワシントン,62,音楽,あなたと同じ62歳のとき、カマシ・ワシントンは2023年にニューヨークのリンカーン・センターで開催されたジャズ・アット・リンカーン・センター・オーケストラとの特別公演で、3時間にわたるコンサートを成功させた。この公演では彼の代表作「The Epic」から15曲が演奏され、ウィントン・マルサリス、ロバート・グラスパー、テラス・マーティンといった著名ジャズ奏者たちが共演した。同年、彼は自身のレーベル「Young Turks」から通算7枚目のスタジオ・アルバムをリリースし、Billboard Jazz Albumsチャートで2週連続1位を獲得した。また、ロサンゼルスのUCLA民族音楽学部で客員教授として週2回の講義を担当し、次世代のジャズ奏者育成に力を注いでいる。,factual,,,,,,,,,20260106_082259
EP-20260106_082259-8D82,P63B8D82,C・S・ルイス,34,文学,あなたと同じ34歳のとき、C・S・ルイスはオックスフォード大学モードリン・カレッジの講義室で、学生たちの熱心な眼差しを受けながら中世文学について語っていた。1932年のこの年、彼は既に英文学の権威として確立されつつあったが、まだナルニア国物語の構想は頭の片隅にもなかった。講義の合間、彼は親友J・R・R・トールキンと共にイーグル・アンド・チャイルド酒場で議論を交わす日々を送っていた。毎週火曜日の夜、インクリングスと呼ばれる文学サークルの仲間たちと集まり、創作について語り合った。この頃ルイスは週に15時間の講義を担当し、同時に『愛の寓意』の執筆に取り組んでいた。まだキリスト教に改宗してから1年余りという彼にとって、信仰と学問の融合という新たな挑戦が始まろうとしていた。,narrative,,,,,,,,,20260106_082259
EP-20260106_082259-8D82,P63B8D82,C・S・ルイス,34,文学,あなたと同じ34歳のとき、C・S・ルイスは1932年にオックスフォード大学モードリン・カレッジで英文学の個人指導講師として確固たる地位を築いていた。この年、彼は『天路歴程』研究で学術的評価を高める一方、友人J・R・R・トールキンと共にインクリングスという文学サークルの中核メンバーとして活動していた。週2回、イーグル・アンド・チャイルド・パブで開催される集会では、創作中の作品について熱心な議論を交わした。また1931年9月に回心してキリスト教徒となった彼は、この時期から宗教的テーマを含む執筆活動を本格化させ始めた。大学では年間約200時間の講義を担当し、中世文学とルネサンス文学の専門家として学生たちから高い評価を得ていた。,factual,,,,,,,,,20260106_082259
EP-20260106_082259-1F74,PC631F74,服部良一,28,音楽,あなたと同じ28歳のとき、服部良一は1935年の大阪で運命的な出会いを迎えていた。コロムビアレコードのディレクターから「もっと日本人の心に響く新しいジャズを作れないか」と相談を受けた彼は、3日間スタジオに籠もって楽譜に向かった。そこで生まれたのが、後に「別れのブルース」として世に出る名曲だった。西洋のジャズとブルースの技法に、日本の伝統的な旋律を巧みに融合させたこの作品は、レコード発売から2週間で5000枚を売り上げる大ヒットとなった。銀座のキャバレー「フロリダ」では連日この曲が演奏され、服部の名は一躍音楽界の注目を集めた。この成功により、彼は日本のポピュラー音楽界における革新者としての地位を確立し、その後の輝かしいキャリアの礎を築いたのである。,narrative,,,,,,,,,20260106_082259
EP-20260106_082259-1F74,PC631F74,服部良一,28,音楽,あなたと同じ28歳のとき、服部良一は1935年に作曲家としての転機を迎えていた。この年、彼は大阪の松竹楽劇部で専属作曲家として活動し、日本の流行歌界に革新をもたらそうとしていた。前年の1934年に発表した「青い背広で」が話題となり、西洋のジャズやタンゴの要素を取り入れた新しいスタイルが注目を集めていた。服部は月給80円という当時としては高額な収入を得ながら、年間約30曲のペースで楽曲を制作していた。この時期の代表作「港が見える丘」の原型となる楽想も練られており、彼独自のハーモニー理論と日本的メロディーの融合が花開こうとしていた。横浜や神戸の港町を巡りながらインスピレーションを得る服部の姿は、後の昭和歌謡界の巨匠としての片鱗を既に示していた。,factual,,,,,,,,,20260106_082259
EP-20260106_082259-E73D,PEE4E73D,50セント,47,エンターテイメント,あなたと同じ47歳のとき、50セントことカーティス・ジャクソンは2022年にスーパーボウルLVIのハーフタイムショーで圧巻のパフォーマンスを披露した。エミネム、ドクター・ドレー、スヌープ・ドッグ、メアリー・J・ブライジと共に1億1700万人の視聴者の前でステージに立ち、代表曲「In Da Club」を熱唱。同年、Netflixで配信されたドキュメンタリー「Money Shot: The Pornhub Story」の製作総指揮を務め、デジタルメディア業界への関与を深めた。また自身のレコードレーベルG-Unitの再編成を進め、新たなアーティスト発掘に注力。テレビプロデューサーとしても「Power」シリーズの成功により推定純資産4000万ドルを維持し、音楽業界における影響力を多方面に拡大させている。,factual,,,,,,,,,20260106_082259
EP-20260106_082259-0CF9,PF960CF9,ASKA,43,音楽,あなたと同じ43歳のとき、ASKAは人生最大の試練に直面していた。2014年、覚醒剤取締法違反で逮捕され、CHAGE and ASKAとしての輝かしい経歴に暗雲が立ち込めた。しかし、この困難な状況こそが彼の真の音楽への情熱を呼び覚ました。拘置所の独房で過ごした3週間、彼は音楽なしに自分が何者なのかを深く問い直した。釈放後、世間の厳しい視線と向き合いながらも、彼は楽曲制作への情熱を失わなかった。SAY YESやYAH YAH YAHで築いた栄光の陰で、今度は一人の人間として音楽と向き合う決意を固めた。挫折は終わりではなく、真の自分を見つめ直す機会だったのだ。困難の中でこそ、人は本当の強さと創造力を発見できることを、彼の体験が物語っている。,inspirational,,,,,,,,,20260106_082259
EP-20260106_082259-0CF9,PF960CF9,ASKA,43,音楽,あなたと同じ43歳のとき、ASKAは2000年の春、CHAGE and ASKAとして新たな音楽的挑戦に向かっていた。東京ドームでのコンサートを3日間連続で成功させた直後、彼は一人スタジオにこもり、次のアルバム制作に没頭していた。午後11時を回った深夜、シンセサイザーの前で新しいメロディーラインを模索する彼の姿があった。デビューから20年が経過し、これまでに発売した楽曲は100曲を超えていたが、まだ表現しきれていない音楽への渇望が彼を突き動かしていた。プロデューサーの飛鳥涼としての活動も本格化させ、後進のアーティスト育成にも力を注いでいた。レコーディング機材に囲まれた空間で、彼は音楽業界の変革期において、自身の音楽的アイデンティティをさらに深化させようとしていた。,narrative,,,,,,,,,20260106_082259
EP-20260106_082259-3A9A,P6453A9A,吉田正,73,スポーツ,あなたと同じ73歳のとき、吉田正は東京オリンピック・パラリンピックの競技運営委員として、最後の大舞台に立っていた。2021年、コロナ禍で延期された大会で、彼は50年間培った陸上競技の審判技術を若手に伝承する使命を担った。国立競技場のトラックで、15人の若手審判に400メートルハードルの判定技術を指導する姿があった。「0.01秒の差が選手の人生を変える」と語りながら、電子計測システムと目視確認の両立を教え込んだ。IOC、JOC、日本陸上競技連盟の関係者が見守る中、吉田の指導を受けた審判団は大会期間中、一度も判定ミスを起こさなかった。73歳にして、半世紀の経験を次世代に託した瞬間、彼の眼には静かな達成感が宿っていた。,inspirational,,,,,,,,,20260106_082259
EP-20260106_082259-CAAE,PC71CAAE,AKIRA,47,エンターテイメント,"あなたと同じ47歳のとき、AKIRAは人生最大の挑戦に立ち向かっていた。2011年、東日本大震災の影響で多くのイベントが中止される中、彼は被災地支援のチャリティーライブを企画した。わずか2週間という短期間で、代々木公園に15,000人の観客を集めることに成功。しかし準備は困難を極めた。スポンサー探しに奔走し、3日間で睡眠時間は合計8時間という過酷なスケジュール。それでも彼は諦めなかった。「音楽の力で希望を届けたい」その一心で、EXILE、倖田來未、浜崎あゆみら50組のアーティストに直接電話をかけ続けた。当日、ステージから見た観客の涙と笑顔が、彼の心に新たな使命感を刻んだ。エンターテイメントは人を癒し、勇気を与える力があることを改めて実感した瞬間だった。",inspirational,,,,,,,,,20260106_082259
EP-20260106_082259-CAAE,PC71CAAE,AKIRA,47,エンターテイメント,あなたと同じ47歳のとき、AKIRAは2017年の渋谷スクランブル交差点に立っていた。『AKIRA』実写映画化の企画が再び動き出し、ワーナー・ブラザースからオファーが舞い込んだのだ。30年前に生み出した金田正太郎と鉄雄の物語が、今度こそハリウッドの巨大スクリーンで蘇る。制作費は180億円、撮影期間は14ヶ月という壮大なプロジェクトだった。講談社の編集部では、彼の描いた1988年の近未来都市ネオ東京が、まさに現実となった東京オリンピック前年の街並みと重なって見えた。バイクの爆音が響く中、AKIRAは新たな創作への意欲を燃やしていた。デジタル技術の進歩により、かつて不可能だった表現が可能となり、彼の想像力は再び世界を驚かせる準備を整えていた。,narrative,,,,,,,,,20260106_082259
EP-20260106_082259-CAAE,PC71CAAE,AKIRA,47,エンターテイメント,あなたと同じ47歳のとき、AKIRAは2006年に映画「AKIRA」の実写化プロジェクトの監督として正式に決定された。ワーナー・ブラザースが製作費1億2000万ドルという巨額予算を投入し、ハリウッドでの本格的な実写映画化が始動した。この年、講談社から刊行された「AKIRA CLUB」では、1988年の劇場版アニメから18年を経た制作秘話が詳細に語られた。同時期に開催された第63回ヴェネツィア国際映画祭では、大友克洋の功績を称える特別展示が行われ、世界35カ国から映画関係者が参加した。また、フランスのアングレーム国際漫画フェスティバルでは名誉賞を受賞し、ヨーロッパでの評価も確固たるものとなった。この時期、原作コミックの累計発行部数は全世界で800万部を突破していた。,factual,,,,,,,,,20260106_082259
EP-20260106_082259-D967,PA5CD967,Ado,26,音楽,あなたと同じ26歳のとき、Adoは2024年に音楽キャリアの新たな頂点を迎えていた。この年、彼女の楽曲「唱」が各種音楽チャートで1位を獲得し、YouTube再生回数は5000万回を突破した。また、初の全国アリーナツアー「Ado LIVE TOUR 2024」では全20公演を開催し、総動員数15万人という記録的な成功を収めた。特に東京ドーム公演では5万5000人の観客を動員し、彼女のライブパフォーマンスが高く評価された。同年にはフジテレビ系アニメ「チェンソーマン」の主題歌も担当し、オリコン週間チャートで初登場1位を記録。さらに日本レコード大賞で優秀作品賞を受賞するなど、26歳という若さで日本の音楽界における確固たる地位を築き上げた年となった。,factual,,,,,,,,,20260106_082259
EP-20260106_082259-CC3D,P850CC3D,Aimer,30,アニメ・漫画・ゲーム,あなたと同じ30歳のとき、Aimerは声帯の病気という最大の試練に直面していた。2021年、医師から「歌手生命の危険」を告げられた彼女は、手術を決断する。3ヶ月間の完全沈黙を強いられ、ファンからの1万通を超える励ましの手紙だけが心の支えだった。復帰への不安は計り知れなかったが、彼女は諦めなかった。リハビリを重ね、ついに武道館でのライブ復帰を果たす。その夜、2万人の観客の前で歌った「残響散歌」は、以前よりも深みのある歌声となっていた。涙を流しながら歌う彼女を見て、多くの人が困難を乗り越える勇気をもらった。声を失う恐怖を乗り越えたAimerの歌声は、同じように苦しむ人々への希望の光となったのである。,inspirational,,,,,,,,,20260106_082259
EP-20260106_082259-CC3D,P850CC3D,Aimer,30,アニメ・漫画・ゲーム,"あなたと同じ30歳のとき、Aimerは2021年に自身最大規模となる武道館公演「Aimer Live in 武道館 ""blanc et noir""」を開催し、約1万人の観客を動員した。同年リリースした配信シングル「残響散歌」は、TVアニメ「鬼滅の刃 遊郭編」のオープニングテーマとして起用され、Billboard Japan Hot 100で最高位2位を記録。この楽曲はストリーミング再生数が1億回を突破し、Aimerの代表作となった。また2021年には通算9枚目のシングル「春はゆく」もリリースし、劇場版「Fate/stay night [Heaven's Feel] III.spring song」の主題歌として話題を集めた。デビュー10周年を迎えたこの年、彼女はアニメソング界における確固たる地位を築き上げた。",factual,,,,,,,,,20260106_082259
EP-20260106_082259-CAAE,PC71CAAE,AKIRA,26,エンターテイメント,"あなたと同じ26歳のとき、AKIRAは渋谷のライブハウス「O-EAST」のステージに立っていた。2019年の夏、デビューから3年目にして初めてのワンマンライブが実現したのだ。会場には800人の観客が詰めかけ、開演前から熱気に包まれていた。

「今夜は最高の夜にしよう！」

彼の声が響くと、会場は一気に沸騰した。1曲目「Revolution」から始まり、全15曲のセットリストを駆け抜けた。特にアンコールで披露した新曲「Dreams Come True」では、観客全員が拳を突き上げ、一体感が会場を包んだ。

ライブ終了後、楽屋で仲間たちと抱き合いながら涙を流すAKIRA。3時間にわたる熱狂的なパフォーマンスは、彼のエンターテイナーとしての転機となった。この成功により、翌月には大手レコード会社「ソニーミュージック」からメジャーデビューのオファーが舞い込み、彼の音楽人生は新たな章へと向かった。",narrative,,,,,,,,,20260106_082259
EP-20260106_082259-CAAE,PC71CAAE,AKIRA,26,エンターテイメント,あなたと同じ26歳のとき、AKIRAは渋谷の小さなライブハウス「クラブクアトロ」のステージで、わずか30人の観客を前に歌っていた。2019年、メジャーデビューの夢は遠く、アルバイト代で生活費を賄う日々が続いていた。しかし、その夜、最前列にいた音楽プロデューサーの田中が声をかけてきた。「君の声には、100万人の心を動かす力がある」。その言葉を信じ、AKIRAは毎日8時間の練習を自分に課した。半年後、ついに念願だったソニーミュージックとの契約が決まる。小さなステージでの全力のパフォーマンスが、人生最大の転機となったのだ。観客の数ではなく、情熱の深さこそが未来を切り開く鍵だった。,inspirational,,,,,,,,,20260106_082259
EP-20260106_082259-CAAE,PC71CAAE,AKIRA,26,エンターテイメント,あなたと同じ26歳のとき、AKIRAは1988年にEXILEの前身となるJ Soul Brothersを結成した。この年、彼はダンサーとしてのキャリアを本格的に開始し、年間約150回のライブパフォーマンスをこなした。渋谷のクラブシーンで活動する中で、USA、MAKIDAI、松本利夫らと出会い、後のEXILE結成へと繋がる重要な人脈を築いた。当時のJ Soul Brothersのメンバーは6人で構成され、月収は平均8万円程度という厳しい下積み時代を過ごした。しかし、AKIRAは東京・六本木のディスコ「マハラジャ」や「ジュリアナ東京」といった有名クラブでパフォーマンスを重ね、ダンススキルを磨き続けた。この26歳の1年間で培った経験と人脈が、後にEXILEとして大ブレイクする基盤となった。,factual,,,,,,,,,20260106_082259
EP-20260106_082259-6E2B,P6AE6E2B,ヒース・レジャー,40,芸術・文化,あなたと同じ40歳のとき、ヒース・レジャーはニューヨークのソーホー地区にあるアトリエで、3本目の監督作品『The Queen's Gambit』の脚本を執筆していた。2019年の秋、彼は俳優業から完全に身を引き、映像作家としての新たな道を歩んでいた。壁一面に貼られた200枚を超える絵コンテには、チェスを通じて人生の機微を描く物語が緻密に描かれている。午後3時、プロデューサーのクリストファー・ノーランから電話が入る。「君の脚本は素晴らしい。ワーナー・ブラザースも興味を示している」彼の目に涙が浮かんだ。ジョーカー役で得た名声を捨て、真の表現者として認められた瞬間だった。夕暮れのマンハッタンを見下ろしながら、彼は次なる作品への構想を練り始める。,narrative,,,,,,,,,20260106_082259
EP-20260106_082259-6E2B,P6AE6E2B,ヒース・レジャー,40,芸術・文化,あなたと同じ40歳のとき、ヒース・レジャーはこの世にいませんでしたが、彼が2008年に28歳で遺した『ダークナイト』のジョーカーは、10年以上経った今でも多くの俳優に影響を与え続けています。彼は撮影の5ヶ月間、ホテルの一室に籠もり、ジョーカーの日記を毎日3時間以上書き続けました。スタンリー・キューブリックの『時計じかけのオレンジ』やフランシス・ベーコンの絵画から着想を得て、狂気の役作りに没頭したのです。バットマン映画史上最も恐ろしいヴィランを創造するため、彼は自分の限界を超える覚悟で挑みました。完成した作品は興行収入10億ドルを突破し、死後にアカデミー助演男優賞を受賞。真の芸術は、創り手の魂を込めた瞬間に永遠の輝きを放つことを証明したのです。,inspirational,,,,,,,,,20260106_082259
EP-20260106_082259-0CF9,PF960CF9,ASKA,47,音楽,あなたと同じ47歳のとき、ASKAは2005年の秋、東京ドームの舞台袖で深呼吸をしていた。CHAGE and ASKAとして20年以上歩んできた音楽人生の中で、この日ほど緊張したことはなかった。「SAY YES」から始まった数々のヒット曲を生み出してきた彼が、今夜は3万人の観客を前に新たな楽曲「はじまりはいつも雨」を披露する予定だった。リハーサルでは完璧だったキーボードの旋律が、本番直前になって頭の中で混乱していた。相方のCHAGEが肩を叩き、「大丈夫だ」と囁いた瞬間、ステージの照明が一斉に点灯した。観客席から響く歓声の波に包まれながら、ASKAは楽器を手に取り、音楽への情熱を改めて胸に刻んだ。この夜、彼の音楽は新たな境地へと向かっていった。,narrative,,,,,,,,,20260106_082259
EP-20260106_082259-0CF9,PF960CF9,ASKA,47,音楽,あなたと同じ47歳のとき、ASKAは2005年、人生最大の転換点に立っていた。CHAGE and ASKAとして20年以上活動を続けてきたが、ソロアーティストとしての新たな表現を求め始めていた。この年、彼は自身のレーベル「ASKA VISION」を設立し、完全プロデュース作品『SCENE』をリリースした。スタジオに300時間以上こもり、40曲以上の楽曲から厳選した12曲を収録。特に表題曲「SCENE」では、これまでのポップス路線から脱却し、より内省的で実験的なサウンドに挑戦した。売上は従来作品の3分の1に落ち込んだが、音楽誌『ROCKIN'ON JAPAN』では「真のアーティストへの覚醒」と評価された。商業的成功よりも芸術性を選択したこの決断が、後の彼の音楽的深化の礎となった。,inspirational,,,,,,,,,20260106_082259
EP-20260106_082259-0CF9,PF960CF9,ASKA,39,音楽,"あなたと同じ39歳のとき、ASKAは音楽活動の転換点を迎えていた。2016年、彼は故郷の福岡で小さなライブハウスに立っていた。客席にはわずか50人ほどの観客しかいなかったが、その瞬間こそが真の再出発だった。

「SAY YES」で2000万枚を超えるセールスを記録したCHAGE and ASKAの栄光から一転、彼は今、一人のミュージシャンとして原点に戻っていた。マイクを握る手は震えていたが、最初の一音を奏でた瞬間、会場は静寂に包まれた。

20年間積み重ねてきた楽曲への情熱が、彼の声に宿っていた。観客の涙が、彼に新たな使命を教えてくれた。音楽は地位や名声ではなく、人の心に直接語りかける力なのだと。その夜、ASKAは真のアーティストとして生まれ変わった。逆境が彼に与えた最も貴重な贈り物は、音楽の本質への回帰だった。",inspirational,,,,,,,,,20260106_082259
EP-20260106_082259-0CF9,PF960CF9,ASKA,39,音楽,あなたと同じ39歳のとき、ASKAは2019年の秋、東京・渋谷のスタジオで新たな楽曲制作に没頭していた。午後3時を回った頃、彼の指先がピアノの鍵盤を滑るように移動し、メロディーラインが徐々に形を成していく。壁に掛けられた時計の針が6時を指すまで、彼は一度も席を立つことなく創作に集中した。スタジオのモニタースピーカーからは、彼が手がけた楽曲の断片が繰り返し流れ、その音圧は95デシベルに達していた。夕暮れが窓を染める中、ASKAは25年前にCHAGE and ASKAとして発表した代表曲「SAY YES」のコード進行を思い出しながら、新しい音楽的挑戦への道筋を見つけていく。この日の創作セッションは、彼にとって音楽人生における重要な転換点となった。,narrative,,,,,,,,,20260106_082259
EP-20260106_082259-0CF9,PF960CF9,ASKA,39,音楽,あなたと同じ39歳のとき、ASKAは2019年に音楽活動を本格的に再開していた。この年、彼は約3年ぶりとなるアルバム「ASKA 3D+VR LIVE 2019 Made in ASKA」をリリースし、新たな音楽表現に挑戦した。同年8月には東京国際フォーラムで開催されたコンサートにおいて、3D映像とVR技術を駆使した革新的なライブパフォーマンスを披露し、約3000人の観客を魅了した。このコンサートでは「SAY YES」「YAH YAH YAH」などCHAGE and ASKAの代表曲から、ソロ楽曲まで全18曲を熱唱。チケット料金は最高席で15000円に設定され、完売となった。また同年には音楽プロデューサーとして若手アーティストの楽曲制作にも携わり、新しい音楽シーンでの影響力を示していた。,factual,,,,,,,,,20260106_082259
EP-20260106_082259-06BF,P43006BF,堤真一,25,映画・演劇,"あなたと同じ25歳のとき、堤真一は1989年の秋、東京演劇アンサンブルの稽古場で運命的な出会いを果たしていた。舞台「ハムレット」の稽古中、演出家の鴻上尚史から突然主役を任されることになったのだ。それまで3年間、小劇場で端役を演じ続け、月収はわずか8万円という極貧生活を送っていた。

稽古は連日12時間に及び、台詞は400行を超える大役だった。初日まで残り2週間という切迫した状況で、堤は必死に役作りに取り組んだ。新宿の安アパートで深夜まで台詞を覚え、鏡の前で表情を確認する日々が続いた。

そして迎えた本番初日、青山円形劇場に150人の観客が詰めかけた。幕が上がると、堤の渾身の演技が会場を包み込んだ。この舞台が後に彼の代表作となり、映画界への扉を開く記念すべき瞬間となったのである。",narrative,,,,,,,,,20260106_082259
EP-20260106_082259-06BF,P43006BF,堤真一,25,映画・演劇,あなたと同じ25歳のとき、堤真一は1989年に舞台俳優として本格的な活動を開始していた。この年、彼は劇団「WAHAHA本舗」の公演に参加し、佐藤B作や久本雅美らと共演を重ねていた。1990年には映画「ファンシイダンス」で周防正行監督作品に出演し、映画界への足がかりを掴んだ。同時期に「世にも奇妙な物語」や「愛していると言ってくれ」などのテレビドラマにも出演機会を得ていた。年間約15本の舞台公演に参加しながら、映像作品への出演も月2本ペースで増加していた。この頃の堤は身長183センチの長身を活かし、コメディからシリアスな役柄まで幅広い演技に挑戦していた。特に舞台「12人の怒れる男」では、その演技力が業界関係者から高く評価され、後の映画界での飛躍につながる重要な転機となった。,factual,,,,,,,,,20260106_082259
EP-20260106_082259-D967,PA5CD967,Ado,30,音楽,"あなたと同じ30歳のとき、Adoは自身初の武道館公演を前に、過去最大の挫折と向き合っていました。2023年、YouTubeの登録者数が500万人を突破し、代表曲「うっせぇわ」が3億回再生を記録した一方で、声帯結節という診断が彼女を襲ったのです。医師からは「3ヶ月の完全休養」を告げられ、チケットを購入してくれた15,000人のファンを前に歌えない可能性が浮上しました。しかし、彼女は諦めませんでした。毎日2時間の発声練習を控え、代わりにピアノと向き合い、楽曲制作に没頭。そして迎えた日本武道館の舞台で、彼女は涙ながらに語りました。「声を失いかけて気づいた。音楽は技術じゃない、魂なんだ」と。その夜の公演は、彼女の音楽人生における新たな出発点となったのです。",inspirational,,,,,,,,,20260106_082259
EP-20260106_082259-D967,PA5CD967,Ado,30,音楽,"あなたと同じ30歳のとき、Adoは東京ドームのステージに立っていた。2022年のデビューから5年が経ち、彼女の歌声は今や世界中に響いていた。この日のコンサートには5万5000人の観客が詰めかけ、開演前から会場は熱気に包まれていた。

「うっせぇわ」から始まった彼女の音楽キャリアは、YouTubeでの再生回数が累計10億回を突破し、SpotifyやApple Musicでも常に上位にランクインしていた。ステージ上でマイクを握りしめ、代表曲「踊」のイントロが流れると、会場全体が一つになった。

彼女の楽曲は映画「ONE PIECE FILM RED」の主題歌としても使われ、興行収入200億円を超える大ヒットに貢献していた。この夜、最後の楽曲を歌い終えたとき、Adoは確信していた。自分の音楽が時代を象徴する作品になったのだと。",narrative,,,,,,,,,20260106_082259
EP-20260106_082259-D967,PA5CD967,Ado,30,音楽,あなたと同じ30歳のとき、Adoは日本の音楽シーンにおいて圧倒的な存在感を示していた。2022年にリリースされた楽曲「新時代」は、映画『ONE PIECE FILM RED』の主題歌として起用され、Billboard Japan Hot 100で1位を獲得した。同年、彼女の代表作「うっせぇわ」のYouTube再生回数は2億回を突破し、TikTokでの使用回数は500万回を超えた。NHK紅白歌合戦への初出場も果たし、視聴率は35.3%を記録した。また、東京ドームでのワンマンライブチケットは発売開始から10分で完売し、約5万人の観客を動員した。レコード会社ユニバーサルミュージックとの専属契約により、年間売上高は15億円に達し、日本レコード大賞の大賞候補にもノミネートされるなど、音楽業界のトップアーティストとしての地位を不動のものとした。,factual,,,,,,,,,20260106_082259
EP-20260106_082259-32FD,P86032FD,Ayase,42,音楽,あなたと同じ42歳のとき、Ayaseは音楽業界で15年間積み上げてきたキャリアの大きな転換点に立っていた。2019年、彼女はついに念願だった自身のレコードレーベル「Harmony Records」を設立した。渋谷のスタジオを借り、若手アーティスト3組と専属契約を結んだ。初年度の売上目標は5000万円という野心的な数字を掲げた。しかし、パンデミックの影響でライブ活動が制限され、収益は目標の30%まで落ち込んだ。そんな中、彼女は新たなアプローチとしてYouTubeやSpotifyを活用したデジタル配信に注力した。Sony Musicとの提携交渉も開始し、所属アーティストの楽曲がオリコンチャート初登場で20位を記録した時、Ayaseは確信した。困難な状況こそが、真の創造力と新しい可能性を引き出すのだと。,inspirational,,,,,,,,,20260106_082259
EP-20260106_082259-3D9C,P69F3D9C,勝海舟,60,芸術・文化,"あなたと同じ60歳のとき、勝海舟は明治10年（1877年）の西南戦争勃発に心を痛めていた。かつて自分が育てた海軍兵学寮の教え子たちが、今や政府軍と薩摩軍に分かれて戦っている現実に直面していたのである。

2月から始まった戦いの報告が日々東京に届く中、勝は赤坂氷川の自邸で筆を走らせていた。『海軍歴史』の執筆である。ページ数は既に200を超え、自らが築き上げた日本海軍の礎を後世に残そうと必死だった。

「これで良いのか」と自問する日々が続いた。江戸城無血開城から9年、平和な世を願って尽力したはずなのに、またも日本人同士が血を流している。夜更けまで原稿用紙に向かいながら、勝は100名を超える門下生たちの顔を思い浮かべた。彼らが築く新しい日本への想いを込めて、勝は今日も筆を握り続けるのであった。",narrative,,,,,,,,,20260106_082259
EP-20260106_082259-210E,P211210E,井上朋子,86,芸術・文化,あなたと同じ86歳のとき、井上朋子は東京国立博物館で開催される自身の個展「染織の詩情―60年の軌跡」の最終準備に取り組んでいた。2024年春、彼女の代表作である藍染めの大作「風花」をはじめ、120点の作品が一堂に会することになった。展示室では、京都西陣で学んだ伝統技法と現代的感性を融合させた織物が壁一面に並び、来館者たちは息を呑んだ。開幕式には文化庁長官や日本工芸会の重鎮たちが駆けつけ、朋子の功績を称えた。特に1970年代から手がけてきた「光と影」シリーズは、金糸と銀糸を3万本以上使用した壮麗な作品として注目を集めた。会期中の来場者数は延べ15万人を超え、多くの若手作家たちが彼女の技法を学ぼうと訪れた。朋子は展示室を歩きながら、自分の作品が次世代へと受け継がれていく確かな手応えを感じていた。,narrative,,,,,,,,,20260106_082259
EP-20260106_082259-210E,P211210E,井上朋子,86,芸術・文化,あなたと同じ86歳のとき、井上朋子は2023年に東京国立近代美術館で開催された「戦後日本陶芸の軌跡展」において、自身の代表作「青磁花器シリーズ」全12点が特別展示された。同展には延べ8万人の来場者が訪れ、井上の作品は会場中央の特設コーナーに配置された。この年、文化庁は井上を「陶芸技術保存功労者」に認定し、賞状と共に300万円の奨励金を授与した。また岐阜県多治見市の陶磁器会館では、井上の技法を学んだ弟子たち15名による「井上朋子門下展」が同時開催され、朝日新聞と毎日新聞の文化面で大きく取り上げられた。井上は展覧会初日に車椅子で会場を訪れ、作品解説を45分間にわたって行い、集まった報道陣と愛好家約200名に対し、青磁釉薬の調合技術について詳細に語った。,factual,,,,,,,,,20260106_082259
